,date,ML,Low,High
Algeria,2020-03-01,2.0,0.34,6.43
Algeria,2020-03-02,2.35,0.48,5.72
Algeria,2020-03-03,2.05,0.5,4.54
Algeria,2020-03-04,2.17,0.61,4.33
Algeria,2020-03-05,1.94,0.55,3.75
Algeria,2020-03-06,1.6400000000000001,0.45,3.23
Algeria,2020-03-07,1.59,0.45,3.09
Algeria,2020-03-08,1.0,0.0,2.63
Algeria,2020-03-09,0.72,0.0,2.46
Algeria,2020-03-10,0.7000000000000001,0.0,2.5100000000000002
Algeria,2020-03-11,0.68,0.0,2.56
Algeria,2020-03-12,1.32,0.0,3.0300000000000002
Algeria,2020-03-13,1.83,0.11,3.44
Algeria,2020-03-14,2.09,0.36,3.6
Algeria,2020-03-15,2.15,0.61,3.5300000000000002
Algeria,2020-03-16,2.0100000000000002,0.68,3.2800000000000002
Algeria,2020-03-17,1.8,0.6,2.95
Algeria,2020-03-18,1.82,0.74,2.88
Algeria,2020-03-19,1.92,0.9500000000000001,2.86
Algeria,2020-03-20,2.0300000000000002,1.19,2.87
Algeria,2020-03-21,2.0,1.25,2.73
Algeria,2020-03-22,1.9100000000000001,1.25,2.57
Algeria,2020-03-23,1.81,1.2,2.39
Algeria,2020-03-24,1.71,1.16,2.25
Algeria,2020-03-25,1.57,1.07,2.09
Algeria,2020-03-26,1.44,0.96,1.92
Algeria,2020-03-27,1.36,0.9,1.82
Algeria,2020-03-28,1.35,0.91,1.79
Algeria,2020-03-29,1.4000000000000001,0.99,1.83
Algeria,2020-03-30,1.5,1.11,1.9000000000000001
Algeria,2020-03-31,1.61,1.25,1.98
Algeria,2020-04-01,1.6300000000000001,1.3,1.98
Algeria,2020-04-02,1.56,1.25,1.8800000000000001
Algeria,2020-04-03,1.45,1.16,1.76
Algeria,2020-04-04,1.28,1.0,1.58
Algeria,2020-04-05,1.1400000000000001,0.86,1.43
Algeria,2020-04-06,1.0,0.73,1.3
Algeria,2020-04-07,0.86,0.59,1.17
Algeria,2020-04-08,0.79,0.49,1.08
Algeria,2020-04-09,0.76,0.46,1.07
Algeria,2020-04-10,0.75,0.45,1.08
Algeria,2020-04-11,0.8300000000000001,0.51,1.1500000000000001
Algeria,2020-04-12,0.89,0.5700000000000001,1.22
Algeria,2020-04-13,0.97,0.64,1.29
Algeria,2020-04-14,1.05,0.73,1.3800000000000001
Algeria,2020-04-15,1.11,0.79,1.43
Algeria,2020-04-16,1.1400000000000001,0.8300000000000001,1.46
Algeria,2020-04-17,1.17,0.88,1.5
Algeria,2020-04-18,1.16,0.86,1.47
Algeria,2020-04-19,1.1400000000000001,0.84,1.43
Algeria,2020-04-20,1.1,0.8200000000000001,1.41
Algeria,2020-04-21,1.04,0.75,1.33
Algeria,2020-04-22,1.01,0.71,1.29
Algeria,2020-04-23,1.0,0.71,1.29
Algeria,2020-04-24,1.02,0.73,1.31
Algeria,2020-04-25,1.06,0.78,1.36
Algeria,2020-04-26,1.1300000000000001,0.85,1.42
Algeria,2020-04-27,1.2,0.92,1.47
Algeria,2020-04-28,1.24,0.98,1.52
Algeria,2020-04-29,1.24,0.98,1.5
Algeria,2020-04-30,1.22,0.97,1.48
Algeria,2020-05-01,1.18,0.9400000000000001,1.44
Algeria,2020-05-02,1.17,0.93,1.42
Algeria,2020-05-03,1.1300000000000001,0.89,1.37
Algeria,2020-05-04,1.11,0.87,1.34
Algeria,2020-05-05,1.09,0.87,1.34
Algeria,2020-05-06,1.09,0.86,1.32
Algeria,2020-05-07,1.07,0.85,1.31
Algeria,2020-05-08,1.06,0.85,1.31
Algeria,2020-05-09,1.05,0.8200000000000001,1.27
Algeria,2020-05-10,1.04,0.8200000000000001,1.27
Algeria,2020-05-11,1.01,0.79,1.24
Angola,2020-04-28,2.0,0.34,6.43
Angola,2020-04-29,1.8800000000000001,0.38,5.01
Angola,2020-04-30,1.8,0.38,4.45
Angola,2020-05-01,2.05,0.5,4.54
Angola,2020-05-02,1.8900000000000001,0.47000000000000003,3.98
Angola,2020-05-03,1.57,0.39,3.41
Angola,2020-05-04,1.55,0.38,3.29
Angola,2020-05-05,1.0,0.0,3.09
Angola,2020-05-06,1.0,0.0,3.09
Angola,2020-05-07,1.42,0.0,3.34
Angola,2020-05-08,1.0,0.0,2.99
Angola,2020-05-09,1.0,0.0,2.99
Angola,2020-05-10,1.3800000000000001,0.0,3.22
Angola,2020-05-11,1.0,0.0,2.9
Benin,2020-04-17,2.0,0.34,6.43
Benin,2020-04-18,2.35,0.48,5.72
Benin,2020-04-19,2.87,0.85,5.46
Benin,2020-04-20,2.25,0.68,4.16
Benin,2020-04-21,1.98,0.61,3.59
Benin,2020-04-22,1.54,0.46,2.99
Benin,2020-04-23,1.51,0.46,2.89
Benin,2020-04-24,1.0,0.0,2.45
Benin,2020-04-25,1.0,0.0,2.45
Benin,2020-04-26,0.56,0.0,2.18
Benin,2020-04-27,0.5,0.0,2.23
Benin,2020-04-28,0.72,0.0,2.46
Benin,2020-04-29,1.53,0.0,3.0500000000000003
Benin,2020-04-30,1.69,0.09,3.16
Benin,2020-05-01,1.93,0.36,3.39
Benin,2020-05-02,1.62,0.23,2.95
Benin,2020-05-03,1.41,0.14,2.64
Benin,2020-05-04,1.49,0.22,2.68
Benin,2020-05-05,2.09,0.91,3.23
Benin,2020-05-06,2.5,1.54,3.47
Benin,2020-05-07,2.56,1.75,3.33
Benin,2020-05-08,2.27,1.59,2.94
Benin,2020-05-09,1.99,1.37,2.56
Benin,2020-05-10,1.73,1.19,2.2800000000000002
Benin,2020-05-11,1.47,0.96,1.99
Botswana,2020-04-17,2.0,0.34,6.43
Botswana,2020-04-18,2.35,0.48,5.72
Botswana,2020-04-19,2.87,0.85,5.46
Botswana,2020-04-20,2.25,0.68,4.16
Botswana,2020-04-21,1.98,0.61,3.59
Botswana,2020-04-22,1.54,0.46,2.99
Botswana,2020-04-23,1.51,0.46,2.89
Botswana,2020-04-24,1.0,0.0,2.45
Botswana,2020-04-25,1.0,0.0,2.45
Botswana,2020-04-26,0.56,0.0,2.18
Botswana,2020-04-27,0.5,0.0,2.23
Botswana,2020-04-28,0.72,0.0,2.46
Botswana,2020-04-29,1.53,0.0,3.0500000000000003
Botswana,2020-04-30,1.69,0.09,3.16
Botswana,2020-05-01,1.93,0.36,3.39
Botswana,2020-05-02,1.62,0.23,2.95
Botswana,2020-05-03,1.41,0.14,2.64
Botswana,2020-05-04,1.49,0.22,2.68
Botswana,2020-05-05,2.09,0.91,3.23
Botswana,2020-05-06,2.5,1.54,3.47
Botswana,2020-05-07,2.56,1.75,3.33
Botswana,2020-05-08,2.27,1.59,2.94
Botswana,2020-05-09,1.99,1.37,2.56
Botswana,2020-05-10,1.73,1.19,2.2800000000000002
Botswana,2020-05-11,1.47,0.96,1.99
Burkina Faso,2020-03-13,2.0,0.34,6.43
Burkina Faso,2020-03-14,2.35,0.48,5.72
Burkina Faso,2020-03-15,2.43,0.64,4.98
Burkina Faso,2020-03-16,2.35,0.72,4.39
Burkina Faso,2020-03-17,2.43,0.87,4.11
Burkina Faso,2020-03-18,2.35,1.0,3.8000000000000003
Burkina Faso,2020-03-19,2.22,1.04,3.46
Burkina Faso,2020-03-20,2.12,0.93,3.2800000000000002
Burkina Faso,2020-03-21,2.02,0.97,3.04
Burkina Faso,2020-03-22,1.92,0.97,2.81
Burkina Faso,2020-03-23,1.7,0.85,2.54
Burkina Faso,2020-03-24,1.6,0.8200000000000001,2.39
Burkina Faso,2020-03-25,1.45,0.7000000000000001,2.18
Burkina Faso,2020-03-26,1.37,0.65,2.06
Burkina Faso,2020-03-27,1.28,0.61,1.98
Burkina Faso,2020-03-28,1.18,0.5,1.83
Burkina Faso,2020-03-29,1.06,0.4,1.72
Burkina Faso,2020-03-30,1.06,0.4,1.71
Burkina Faso,2020-03-31,0.92,0.27,1.58
Burkina Faso,2020-04-01,0.88,0.24,1.56
Burkina Faso,2020-04-02,0.85,0.17,1.49
Burkina Faso,2020-04-03,0.84,0.17,1.51
Burkina Faso,2020-04-04,0.87,0.19,1.56
Burkina Faso,2020-04-05,0.97,0.26,1.6600000000000001
Burkina Faso,2020-04-06,1.07,0.37,1.78
Burkina Faso,2020-04-07,1.16,0.47000000000000003,1.86
Burkina Faso,2020-04-08,1.21,0.52,1.87
Burkina Faso,2020-04-09,1.17,0.49,1.81
Burkina Faso,2020-04-10,1.11,0.44,1.74
Burkina Faso,2020-04-11,1.05,0.4,1.69
Burkina Faso,2020-04-12,0.97,0.33,1.62
Burkina Faso,2020-04-13,0.8300000000000001,0.2,1.49
Burkina Faso,2020-04-14,0.79,0.16,1.46
Burkina Faso,2020-04-15,0.6900000000000001,0.05,1.31
Burkina Faso,2020-04-16,0.66,0.03,1.3
Burkina Faso,2020-04-17,0.63,0.01,1.28
Burkina Faso,2020-04-18,0.59,0.0,1.27
Burkina Faso,2020-04-19,0.64,0.01,1.36
Burkina Faso,2020-04-20,0.71,0.02,1.46
Burkina Faso,2020-04-21,0.79,0.02,1.55
Burkina Faso,2020-04-22,0.84,0.05,1.6400000000000001
Burkina Faso,2020-04-23,0.8300000000000001,0.03,1.6300000000000001
Burkina Faso,2020-04-24,0.8200000000000001,0.02,1.6300000000000001
Burkina Faso,2020-04-25,0.75,0.0,1.57
Burkina Faso,2020-04-26,0.59,0.0,1.48
Burkina Faso,2020-04-27,0.47000000000000003,0.0,1.44
Burkina Faso,2020-04-28,0.29,0.0,1.4000000000000001
Burkina Faso,2020-04-29,0.25,0.0,1.48
Burkina Faso,2020-04-30,0.36,0.0,1.6600000000000001
Burkina Faso,2020-05-01,0.71,0.0,1.98
Burkina Faso,2020-05-02,1.1500000000000001,0.01,2.34
Burkina Faso,2020-05-03,1.78,0.42,3.0300000000000002
Burkina Faso,2020-05-04,2.12,0.93,3.2800000000000002
Burkina Faso,2020-05-05,2.02,0.97,3.04
Burkina Faso,2020-05-06,1.86,0.93,2.79
Burkina Faso,2020-05-07,1.52,0.65,2.39
Burkina Faso,2020-05-08,1.28,0.43,2.09
Burkina Faso,2020-05-09,1.1300000000000001,0.33,1.95
Burkina Faso,2020-05-10,0.8200000000000001,0.08,1.58
Burkina Faso,2020-05-11,0.61,0.0,1.35
Burundi,2020-03-13,2.0,0.34,6.43
Burundi,2020-03-14,2.35,0.48,5.72
Burundi,2020-03-15,2.43,0.64,4.98
Burundi,2020-03-16,2.35,0.72,4.39
Burundi,2020-03-17,2.43,0.87,4.11
Burundi,2020-03-18,2.35,1.0,3.8000000000000003
Burundi,2020-03-19,2.22,1.04,3.46
Burundi,2020-03-20,2.12,0.93,3.2800000000000002
Burundi,2020-03-21,2.02,0.97,3.04
Burundi,2020-03-22,1.92,0.97,2.81
Burundi,2020-03-23,1.7,0.85,2.54
Burundi,2020-03-24,1.6,0.8200000000000001,2.39
Burundi,2020-03-25,1.45,0.7000000000000001,2.18
Burundi,2020-03-26,1.37,0.65,2.06
Burundi,2020-03-27,1.28,0.61,1.98
Burundi,2020-03-28,1.18,0.5,1.83
Burundi,2020-03-29,1.06,0.4,1.72
Burundi,2020-03-30,1.06,0.4,1.71
Burundi,2020-03-31,0.92,0.27,1.58
Burundi,2020-04-01,0.88,0.24,1.56
Burundi,2020-04-02,0.85,0.17,1.49
Burundi,2020-04-03,0.84,0.17,1.51
Burundi,2020-04-04,0.87,0.19,1.56
Burundi,2020-04-05,0.97,0.26,1.6600000000000001
Burundi,2020-04-06,1.07,0.37,1.78
Burundi,2020-04-07,1.16,0.47000000000000003,1.86
Burundi,2020-04-08,1.21,0.52,1.87
Burundi,2020-04-09,1.17,0.49,1.81
Burundi,2020-04-10,1.11,0.44,1.74
Burundi,2020-04-11,1.05,0.4,1.69
Burundi,2020-04-12,0.97,0.33,1.62
Burundi,2020-04-13,0.8300000000000001,0.2,1.49
Burundi,2020-04-14,0.79,0.16,1.46
Burundi,2020-04-15,0.6900000000000001,0.05,1.31
Burundi,2020-04-16,0.66,0.03,1.3
Burundi,2020-04-17,0.63,0.01,1.28
Burundi,2020-04-18,0.59,0.0,1.27
Burundi,2020-04-19,0.64,0.01,1.36
Burundi,2020-04-20,0.71,0.02,1.46
Burundi,2020-04-21,0.79,0.02,1.55
Burundi,2020-04-22,0.84,0.05,1.6400000000000001
Burundi,2020-04-23,0.8300000000000001,0.03,1.6300000000000001
Burundi,2020-04-24,0.8200000000000001,0.02,1.6300000000000001
Burundi,2020-04-25,0.75,0.0,1.57
Burundi,2020-04-26,0.59,0.0,1.48
Burundi,2020-04-27,0.47000000000000003,0.0,1.44
Burundi,2020-04-28,0.29,0.0,1.4000000000000001
Burundi,2020-04-29,0.25,0.0,1.48
Burundi,2020-04-30,0.36,0.0,1.6600000000000001
Burundi,2020-05-01,0.71,0.0,1.98
Burundi,2020-05-02,1.1500000000000001,0.01,2.34
Burundi,2020-05-03,1.78,0.42,3.0300000000000002
Burundi,2020-05-04,2.12,0.93,3.2800000000000002
Burundi,2020-05-05,2.02,0.97,3.04
Burundi,2020-05-06,1.86,0.93,2.79
Burundi,2020-05-07,1.52,0.65,2.39
Burundi,2020-05-08,1.28,0.43,2.09
Burundi,2020-05-09,1.1300000000000001,0.33,1.95
Burundi,2020-05-10,0.8200000000000001,0.08,1.58
Burundi,2020-05-11,0.61,0.0,1.35
Cabo Verde,2020-04-11,2.0,0.34,6.43
Cabo Verde,2020-04-12,3.89,1.08,7.51
Cabo Verde,2020-04-13,3.48,1.3800000000000001,5.6000000000000005
Cabo Verde,2020-04-14,2.81,1.25,4.38
Cabo Verde,2020-04-15,2.35,1.1,3.65
Cabo Verde,2020-04-16,1.93,0.87,3.0500000000000003
Cabo Verde,2020-04-17,1.6400000000000001,0.7000000000000001,2.65
Cabo Verde,2020-04-18,1.33,0.24,2.33
Cabo Verde,2020-04-19,0.92,0.02,1.84
Cabo Verde,2020-04-20,0.75,0.0,1.7
Cabo Verde,2020-04-21,0.55,0.0,1.59
Cabo Verde,2020-04-22,0.49,0.0,1.61
Cabo Verde,2020-04-23,0.66,0.0,1.79
Cabo Verde,2020-04-24,0.88,0.0,2.0
Cabo Verde,2020-04-25,1.24,0.06,2.34
Cabo Verde,2020-04-26,1.33,0.13,2.43
Cabo Verde,2020-04-27,1.21,0.09,2.27
Cabo Verde,2020-04-28,1.1,0.06,2.14
Cabo Verde,2020-04-29,1.1,0.04,2.1
Cabo Verde,2020-04-30,1.09,0.06,2.11
Cabo Verde,2020-05-01,1.36,0.26,2.43
Cabo Verde,2020-05-02,1.4000000000000001,0.34,2.45
Cabo Verde,2020-05-03,1.51,0.47000000000000003,2.49
Cabo Verde,2020-05-04,1.45,0.49,2.41
Cabo Verde,2020-05-05,1.46,0.54,2.36
Cabo Verde,2020-05-06,1.36,0.49,2.23
Cabo Verde,2020-05-07,1.29,0.43,2.1
Cabo Verde,2020-05-08,1.1400000000000001,0.33,1.96
Cabo Verde,2020-05-09,1.0,0.18,1.76
Cabo Verde,2020-05-10,0.96,0.16,1.73
Cabo Verde,2020-05-11,0.91,0.13,1.69
Cameroon,2020-03-14,2.0,0.34,6.43
Cameroon,2020-03-15,1.8800000000000001,0.38,5.01
Cameroon,2020-03-16,2.17,0.51,4.99
Cameroon,2020-03-17,2.2800000000000002,0.61,4.59
Cameroon,2020-03-18,2.0,0.56,3.9
Cameroon,2020-03-19,2.23,0.75,3.92
Cameroon,2020-03-20,2.2600000000000002,0.87,3.7
Cameroon,2020-03-21,2.24,0.76,3.61
Cameroon,2020-03-22,2.05,0.76,3.27
Cameroon,2020-03-23,1.75,0.5700000000000001,2.84
Cameroon,2020-03-24,1.56,0.48,2.59
Cameroon,2020-03-25,1.42,0.4,2.39
Cameroon,2020-03-26,1.3800000000000001,0.43,2.34
Cameroon,2020-03-27,1.29,0.36,2.19
Cameroon,2020-03-28,1.43,0.53,2.29
Cameroon,2020-03-29,1.57,0.73,2.38
Cameroon,2020-03-30,1.83,1.09,2.58
Cameroon,2020-03-31,2.2,1.55,2.83
Cameroon,2020-04-01,2.2800000000000002,1.73,2.82
Cameroon,2020-04-02,2.17,1.69,2.63
Cameroon,2020-04-03,1.97,1.57,2.41
Cameroon,2020-04-04,1.6500000000000001,1.27,2.04
Cameroon,2020-04-05,1.42,1.05,1.78
Cameroon,2020-04-06,1.16,0.81,1.53
Cameroon,2020-04-07,0.9,0.55,1.28
Cameroon,2020-04-08,0.73,0.36,1.11
Cameroon,2020-04-09,0.51,0.13,0.91
Cameroon,2020-04-10,0.33,0.01,0.72
Cameroon,2020-04-11,0.26,0.0,0.6900000000000001
Cameroon,2020-04-12,0.14,0.0,0.67
Cameroon,2020-04-13,0.46,0.01,0.9500000000000001
Cameroon,2020-04-14,0.74,0.19,1.33
Cameroon,2020-04-15,1.0,0.42,1.59
Cameroon,2020-04-16,1.1500000000000001,0.58,1.73
Cameroon,2020-04-17,1.31,0.76,1.87
Cameroon,2020-04-18,1.36,0.84,1.9000000000000001
Cameroon,2020-04-19,1.46,0.97,1.97
Cameroon,2020-04-20,1.37,0.88,1.83
Cameroon,2020-04-21,1.46,1.01,1.9100000000000001
Cameroon,2020-04-22,1.44,1.02,1.87
Cameroon,2020-04-23,1.5,1.11,1.9100000000000001
Cameroon,2020-04-24,1.45,1.08,1.84
Cameroon,2020-04-25,1.41,1.06,1.78
Cameroon,2020-04-26,1.37,1.04,1.73
Cameroon,2020-04-27,1.2,0.87,1.54
Cameroon,2020-04-28,1.01,0.6900000000000001,1.36
Cameroon,2020-04-29,0.9400000000000001,0.6,1.27
Cameroon,2020-04-30,0.84,0.5,1.19
Cameroon,2020-05-01,0.81,0.47000000000000003,1.18
Cameroon,2020-05-02,0.8,0.43,1.1500000000000001
Cameroon,2020-05-03,0.78,0.4,1.1400000000000001
Cameroon,2020-05-04,0.87,0.51,1.27
Cameroon,2020-05-05,0.9400000000000001,0.56,1.32
Cameroon,2020-05-06,0.77,0.38,1.16
Cameroon,2020-05-07,0.93,0.54,1.33
Cameroon,2020-05-08,1.06,0.66,1.44
Cameroon,2020-05-09,1.26,0.89,1.6500000000000001
Cameroon,2020-05-10,1.42,1.07,1.79
Cameroon,2020-05-11,1.6,1.27,1.94
Central African Republic,2020-04-20,2.0,0.34,6.43
Central African Republic,2020-04-21,1.8800000000000001,0.38,5.01
Central African Republic,2020-04-22,1.8,0.38,4.45
Central African Republic,2020-04-23,1.74,0.4,4.13
Central African Republic,2020-04-24,1.69,0.37,3.85
Central African Republic,2020-04-25,2.17,0.61,4.33
Central African Republic,2020-04-26,2.4,0.77,4.2
Central African Republic,2020-04-27,2.3000000000000003,0.46,3.98
Central African Republic,2020-04-28,2.47,0.88,3.95
Central African Republic,2020-04-29,2.07,0.67,3.34
Central African Republic,2020-04-30,1.75,0.49,2.9
Central African Republic,2020-05-01,1.6300000000000001,0.46,2.69
Central African Republic,2020-05-02,1.24,0.18,2.23
Central African Republic,2020-05-03,1.08,0.11,2.05
Central African Republic,2020-05-04,1.0,0.04,1.9100000000000001
Central African Republic,2020-05-05,0.92,0.01,1.82
Central African Republic,2020-05-06,1.08,0.11,2.05
Central African Republic,2020-05-07,1.3,0.26,2.27
Central African Republic,2020-05-08,1.28,0.27,2.22
Central African Republic,2020-05-09,1.32,0.37,2.2800000000000002
Central African Republic,2020-05-10,1.12,0.22,2.04
Central African Republic,2020-05-11,1.0,0.13,1.8800000000000001
Chad,2020-04-09,2.0,0.34,6.43
Chad,2020-04-10,2.35,0.48,5.72
Chad,2020-04-11,2.05,0.5,4.54
Chad,2020-04-12,2.17,0.61,4.33
Chad,2020-04-13,1.94,0.55,3.75
Chad,2020-04-14,1.6400000000000001,0.45,3.23
Chad,2020-04-15,1.59,0.45,3.09
Chad,2020-04-16,1.26,0.0,2.81
Chad,2020-04-17,1.0,0.0,2.58
Chad,2020-04-18,1.0,0.0,2.58
Chad,2020-04-19,0.47000000000000003,0.0,2.27
Chad,2020-04-20,0.38,0.0,2.34
Chad,2020-04-21,0.65,0.0,2.62
Chad,2020-04-22,0.62,0.0,2.69
Chad,2020-04-23,1.0,0.0,2.99
Chad,2020-04-24,1.3800000000000001,0.0,3.22
Chad,2020-04-25,1.35,0.0,3.12
Chad,2020-04-26,1.62,0.0,3.23
Chad,2020-04-27,1.78,0.08,3.31
Chad,2020-04-28,1.6500000000000001,0.09,3.09
Chad,2020-04-29,2.2,0.66,3.64
Chad,2020-04-30,2.15,0.79,3.4
Chad,2020-05-01,1.98,0.81,3.13
Chad,2020-05-02,2.0,0.9500000000000001,3.0
Chad,2020-05-03,1.85,0.9,2.74
Chad,2020-05-04,1.8800000000000001,1.04,2.69
Chad,2020-05-05,1.87,1.12,2.6
Chad,2020-05-06,1.74,1.06,2.41
Chad,2020-05-07,1.62,1.0,2.25
Chad,2020-05-08,1.47,0.89,2.07
Chad,2020-05-09,1.26,0.6900000000000001,1.83
Chad,2020-05-10,1.12,0.56,1.68
Chad,2020-05-11,0.8300000000000001,0.26,1.3900000000000001
Congo (Brazzaville),2020-03-26,2.0,0.34,6.43
Congo (Brazzaville),2020-03-27,2.35,0.48,5.72
Congo (Brazzaville),2020-03-28,2.43,0.64,4.98
Congo (Brazzaville),2020-03-29,2.08,0.58,4.09
Congo (Brazzaville),2020-03-30,1.8900000000000001,0.54,3.62
Congo (Brazzaville),2020-03-31,1.61,0.46,3.17
Congo (Brazzaville),2020-04-01,1.56,0.45,3.0300000000000002
Congo (Brazzaville),2020-04-02,1.24,0.0,2.75
Congo (Brazzaville),2020-04-03,1.44,0.01,2.86
Congo (Brazzaville),2020-04-04,1.4000000000000001,0.01,2.75
Congo (Brazzaville),2020-04-05,1.36,0.03,2.68
Congo (Brazzaville),2020-04-06,1.33,0.03,2.6
Congo (Brazzaville),2020-04-07,1.45,0.11,2.71
Congo (Brazzaville),2020-04-08,1.28,0.06,2.47
Congo (Brazzaville),2020-04-09,1.1300000000000001,0.02,2.2800000000000002
Congo (Brazzaville),2020-04-10,0.87,0.0,2.04
Congo (Brazzaville),2020-04-11,0.58,0.0,1.87
Congo (Brazzaville),2020-04-12,1.0,0.0,2.22
Congo (Brazzaville),2020-04-13,1.29,0.06,2.5
Congo (Brazzaville),2020-04-14,1.97,0.65,3.21
Congo (Brazzaville),2020-04-15,2.12,0.97,3.22
Congo (Brazzaville),2020-04-16,1.94,0.92,2.92
Congo (Brazzaville),2020-04-17,1.6500000000000001,0.72,2.56
Congo (Brazzaville),2020-04-18,1.51,0.65,2.38
Congo (Brazzaville),2020-04-19,1.19,0.35000000000000003,2.0100000000000002
Congo (Brazzaville),2020-04-20,1.09,0.27,1.8900000000000001
Congo (Brazzaville),2020-04-21,0.8200000000000001,0.05,1.55
Congo (Brazzaville),2020-04-22,0.71,0.02,1.46
Congo (Brazzaville),2020-04-23,0.63,0.0,1.4000000000000001
Congo (Brazzaville),2020-04-24,0.53,0.0,1.37
Congo (Brazzaville),2020-04-25,0.54,0.0,1.43
Congo (Brazzaville),2020-04-26,0.56,0.0,1.49
Congo (Brazzaville),2020-04-27,0.5,0.0,1.51
Congo (Brazzaville),2020-04-28,0.53,0.0,1.6
Congo (Brazzaville),2020-04-29,0.47000000000000003,0.0,1.62
Congo (Brazzaville),2020-04-30,0.51,0.0,1.73
Congo (Brazzaville),2020-05-01,0.87,0.0,2.04
Congo (Brazzaville),2020-05-02,0.86,0.0,2.06
Congo (Brazzaville),2020-05-03,1.27,0.05,2.43
Congo (Brazzaville),2020-05-04,1.37,0.15,2.56
Congo (Brazzaville),2020-05-05,1.34,0.16,2.49
Congo (Brazzaville),2020-05-06,1.31,0.17,2.43
Congo (Brazzaville),2020-05-07,1.29,0.19,2.39
Congo (Brazzaville),2020-05-08,1.44,0.34,2.5300000000000002
Congo (Brazzaville),2020-05-09,1.62,0.5700000000000001,2.66
Congo (Brazzaville),2020-05-10,1.72,0.74,2.66
Congo (Brazzaville),2020-05-11,1.86,0.99,2.72
Congo (Kinshasa),2020-03-16,2.0,0.34,6.43
Congo (Kinshasa),2020-03-17,2.35,0.48,5.72
Congo (Kinshasa),2020-03-18,2.43,0.64,4.98
Congo (Kinshasa),2020-03-19,2.35,0.72,4.39
Congo (Kinshasa),2020-03-20,2.23,0.75,3.92
Congo (Kinshasa),2020-03-21,2.11,0.77,3.56
Congo (Kinshasa),2020-03-22,1.8900000000000001,0.74,3.21
Congo (Kinshasa),2020-03-23,1.68,0.29,2.92
Congo (Kinshasa),2020-03-24,1.36,0.15,2.5300000000000002
Congo (Kinshasa),2020-03-25,1.22,0.08,2.32
Congo (Kinshasa),2020-03-26,1.11,0.01,2.13
Congo (Kinshasa),2020-03-27,1.0,0.02,2.05
Congo (Kinshasa),2020-03-28,1.1,0.04,2.15
Congo (Kinshasa),2020-03-29,1.3,0.18,2.4
Congo (Kinshasa),2020-03-30,1.53,0.39,2.6
Congo (Kinshasa),2020-03-31,1.62,0.5700000000000001,2.66
Congo (Kinshasa),2020-04-01,1.6,0.59,2.5300000000000002
Congo (Kinshasa),2020-04-02,1.46,0.53,2.36
Congo (Kinshasa),2020-04-03,1.37,0.49,2.24
Congo (Kinshasa),2020-04-04,1.2,0.36,2.05
Congo (Kinshasa),2020-04-05,1.0,0.17,1.79
Congo (Kinshasa),2020-04-06,0.8,0.05,1.57
Congo (Kinshasa),2020-04-07,0.79,0.03,1.56
Congo (Kinshasa),2020-04-08,0.78,0.02,1.56
Congo (Kinshasa),2020-04-09,0.89,0.05,1.69
Congo (Kinshasa),2020-04-10,1.0,0.11,1.83
Congo (Kinshasa),2020-04-11,1.0,0.11,1.83
Congo (Kinshasa),2020-04-12,1.06,0.18,1.93
Congo (Kinshasa),2020-04-13,1.11,0.23,1.99
Congo (Kinshasa),2020-04-14,1.0,0.14,1.84
Congo (Kinshasa),2020-04-15,1.05,0.17,1.8900000000000001
Congo (Kinshasa),2020-04-16,1.16,0.29,2.0300000000000002
Congo (Kinshasa),2020-04-17,1.2,0.33,2.04
Congo (Kinshasa),2020-04-18,1.24,0.4,2.08
Congo (Kinshasa),2020-04-19,1.27,0.45,2.08
Congo (Kinshasa),2020-04-20,1.21,0.4,1.98
Congo (Kinshasa),2020-04-21,1.2,0.43,1.98
Congo (Kinshasa),2020-04-22,1.1500000000000001,0.4,1.92
Congo (Kinshasa),2020-04-23,1.07,0.32,1.81
Congo (Kinshasa),2020-04-24,1.07,0.33,1.81
Congo (Kinshasa),2020-04-25,1.11,0.38,1.85
Congo (Kinshasa),2020-04-26,1.1400000000000001,0.42,1.87
Congo (Kinshasa),2020-04-27,1.26,0.5700000000000001,1.98
Congo (Kinshasa),2020-04-28,1.4000000000000001,0.72,2.06
Congo (Kinshasa),2020-04-29,1.54,0.9,2.15
Congo (Kinshasa),2020-04-30,1.54,0.96,2.13
Congo (Kinshasa),2020-05-01,1.46,0.92,2.0300000000000002
Congo (Kinshasa),2020-05-02,1.32,0.79,1.85
Congo (Kinshasa),2020-05-03,1.25,0.73,1.76
Congo (Kinshasa),2020-05-04,1.18,0.6900000000000001,1.7
Congo (Kinshasa),2020-05-05,1.25,0.78,1.76
Congo (Kinshasa),2020-05-06,1.19,0.72,1.67
Congo (Kinshasa),2020-05-07,1.2,0.74,1.67
Congo (Kinshasa),2020-05-08,1.16,0.71,1.62
Congo (Kinshasa),2020-05-09,1.1400000000000001,0.6900000000000001,1.58
Congo (Kinshasa),2020-05-10,1.08,0.65,1.54
Congo (Kinshasa),2020-05-11,1.04,0.6,1.48
Cote d'Ivoire,2020-03-15,2.0,0.34,6.43
Cote d'Ivoire,2020-03-16,1.8800000000000001,0.38,5.01
Cote d'Ivoire,2020-03-17,1.8,0.38,4.45
Cote d'Ivoire,2020-03-18,2.05,0.5,4.54
Cote d'Ivoire,2020-03-19,1.8900000000000001,0.47000000000000003,3.98
Cote d'Ivoire,2020-03-20,2.0,0.56,3.9
Cote d'Ivoire,2020-03-21,2.43,0.87,4.11
Cote d'Ivoire,2020-03-22,2.79,1.1400000000000001,4.29
Cote d'Ivoire,2020-03-23,2.67,1.36,3.92
Cote d'Ivoire,2020-03-24,2.41,1.32,3.47
Cote d'Ivoire,2020-03-25,1.92,0.9500000000000001,2.86
Cote d'Ivoire,2020-03-26,1.8,0.93,2.66
Cote d'Ivoire,2020-03-27,1.62,0.8200000000000001,2.42
Cote d'Ivoire,2020-03-28,1.43,0.65,2.16
Cote d'Ivoire,2020-03-29,1.29,0.55,2.0100000000000002
Cote d'Ivoire,2020-03-30,1.1,0.38,1.81
Cote d'Ivoire,2020-03-31,0.97,0.27,1.69
Cote d'Ivoire,2020-04-01,0.97,0.25,1.67
Cote d'Ivoire,2020-04-02,0.9,0.18,1.59
Cote d'Ivoire,2020-04-03,1.1,0.37,1.81
Cote d'Ivoire,2020-04-04,1.26,0.5700000000000001,1.98
Cote d'Ivoire,2020-04-05,1.37,0.7000000000000001,2.05
Cote d'Ivoire,2020-04-06,1.49,0.87,2.14
Cote d'Ivoire,2020-04-07,1.49,0.89,2.08
Cote d'Ivoire,2020-04-08,1.51,0.96,2.08
Cote d'Ivoire,2020-04-09,1.53,1.01,2.06
Cote d'Ivoire,2020-04-10,1.4000000000000001,0.92,1.92
Cote d'Ivoire,2020-04-11,1.31,0.84,1.8
Cote d'Ivoire,2020-04-12,1.17,0.71,1.6500000000000001
Cote d'Ivoire,2020-04-13,0.99,0.52,1.46
Cote d'Ivoire,2020-04-14,0.9,0.43,1.3800000000000001
Cote d'Ivoire,2020-04-15,0.8200000000000001,0.34,1.31
Cote d'Ivoire,2020-04-16,0.86,0.38,1.37
Cote d'Ivoire,2020-04-17,0.92,0.43,1.43
Cote d'Ivoire,2020-04-18,1.03,0.55,1.55
Cote d'Ivoire,2020-04-19,1.11,0.62,1.6
Cote d'Ivoire,2020-04-20,1.2,0.73,1.69
Cote d'Ivoire,2020-04-21,1.27,0.8200000000000001,1.75
Cote d'Ivoire,2020-04-22,1.23,0.78,1.68
Cote d'Ivoire,2020-04-23,1.17,0.73,1.61
Cote d'Ivoire,2020-04-24,1.09,0.65,1.52
Cote d'Ivoire,2020-04-25,0.91,0.47000000000000003,1.35
Cote d'Ivoire,2020-04-26,0.86,0.42,1.32
Cote d'Ivoire,2020-04-27,0.84,0.38,1.29
Cote d'Ivoire,2020-04-28,0.84,0.37,1.3
Cote d'Ivoire,2020-04-29,0.93,0.46,1.4000000000000001
Cote d'Ivoire,2020-04-30,0.9,0.42,1.37
Cote d'Ivoire,2020-05-01,0.93,0.44,1.4000000000000001
Cote d'Ivoire,2020-05-02,1.0,0.52,1.48
Cote d'Ivoire,2020-05-03,1.0,0.52,1.48
Cote d'Ivoire,2020-05-04,1.06,0.59,1.55
Cote d'Ivoire,2020-05-05,1.04,0.5700000000000001,1.52
Cote d'Ivoire,2020-05-06,1.06,0.58,1.52
Cote d'Ivoire,2020-05-07,1.09,0.61,1.54
Cote d'Ivoire,2020-05-08,1.06,0.6,1.53
Cote d'Ivoire,2020-05-09,1.05,0.6,1.52
Cote d'Ivoire,2020-05-10,1.05,0.61,1.53
Cote d'Ivoire,2020-05-11,1.0,0.56,1.48
Egypt,2020-03-03,2.0,0.34,6.43
Egypt,2020-03-04,2.35,0.48,5.72
Egypt,2020-03-05,3.34,1.04,5.8500000000000005
Egypt,2020-03-06,3.11,1.33,4.94
Egypt,2020-03-07,2.63,1.22,4.04
Egypt,2020-03-08,2.25,1.09,3.44
Egypt,2020-03-09,1.8900000000000001,0.88,2.92
Egypt,2020-03-10,1.56,0.48,2.59
Egypt,2020-03-11,1.49,0.48,2.47
Egypt,2020-03-12,1.25,0.31,2.2
Egypt,2020-03-13,1.3,0.35000000000000003,2.19
Egypt,2020-03-14,1.43,0.53,2.3000000000000003
Egypt,2020-03-15,1.53,0.6900000000000001,2.36
Egypt,2020-03-16,1.7,0.93,2.46
Egypt,2020-03-17,1.75,1.05,2.44
Egypt,2020-03-18,1.61,0.96,2.25
Egypt,2020-03-19,1.55,0.96,2.17
Egypt,2020-03-20,1.3800000000000001,0.81,1.96
Egypt,2020-03-21,1.23,0.68,1.8
Egypt,2020-03-22,1.22,0.68,1.77
Egypt,2020-03-23,1.1500000000000001,0.62,1.69
Egypt,2020-03-24,1.1400000000000001,0.63,1.68
Egypt,2020-03-25,1.21,0.7000000000000001,1.72
Egypt,2020-03-26,1.18,0.6900000000000001,1.69
Egypt,2020-03-27,1.17,0.6900000000000001,1.67
Egypt,2020-03-28,1.2,0.71,1.6600000000000001
Egypt,2020-03-29,1.16,0.7000000000000001,1.6400000000000001
Egypt,2020-03-30,1.21,0.75,1.6600000000000001
Egypt,2020-03-31,1.3,0.86,1.74
Egypt,2020-04-01,1.36,0.9400000000000001,1.78
Egypt,2020-04-02,1.44,1.05,1.85
Egypt,2020-04-03,1.51,1.1500000000000001,1.9000000000000001
Egypt,2020-04-04,1.54,1.19,1.8900000000000001
Egypt,2020-04-05,1.51,1.19,1.85
Egypt,2020-04-06,1.46,1.1500000000000001,1.77
Egypt,2020-04-07,1.35,1.06,1.6500000000000001
Egypt,2020-04-08,1.28,1.0,1.57
Egypt,2020-04-09,1.21,0.9400000000000001,1.5
Egypt,2020-04-10,1.1400000000000001,0.87,1.42
Egypt,2020-04-11,1.1,0.8300000000000001,1.37
Egypt,2020-04-12,1.09,0.8300000000000001,1.37
Egypt,2020-04-13,1.09,0.8300000000000001,1.36
Egypt,2020-04-14,1.12,0.86,1.3800000000000001
Egypt,2020-04-15,1.1400000000000001,0.88,1.3900000000000001
Egypt,2020-04-16,1.1500000000000001,0.9,1.4000000000000001
Egypt,2020-04-17,1.16,0.91,1.4000000000000001
Egypt,2020-04-18,1.1400000000000001,0.9,1.3900000000000001
Egypt,2020-04-19,1.11,0.88,1.36
Egypt,2020-04-20,1.1,0.87,1.34
Egypt,2020-04-21,1.09,0.87,1.34
Egypt,2020-04-22,1.1,0.87,1.33
Egypt,2020-04-23,1.1300000000000001,0.9,1.35
Egypt,2020-04-24,1.1500000000000001,0.93,1.3800000000000001
Egypt,2020-04-25,1.18,0.97,1.41
Egypt,2020-04-26,1.2,0.99,1.42
Egypt,2020-04-27,1.2,1.0,1.42
Egypt,2020-04-28,1.2,1.01,1.42
Egypt,2020-04-29,1.2,1.01,1.41
Egypt,2020-04-30,1.19,1.01,1.4000000000000001
Egypt,2020-05-01,1.19,1.01,1.3900000000000001
Egypt,2020-05-02,1.19,1.01,1.3800000000000001
Egypt,2020-05-03,1.2,1.03,1.3900000000000001
Egypt,2020-05-04,1.21,1.04,1.3900000000000001
Egypt,2020-05-05,1.22,1.05,1.3900000000000001
Egypt,2020-05-06,1.23,1.07,1.4000000000000001
Egypt,2020-05-07,1.24,1.08,1.4000000000000001
Egypt,2020-05-08,1.22,1.07,1.3800000000000001
Egypt,2020-05-09,1.2,1.05,1.36
Egypt,2020-05-10,1.1500000000000001,1.01,1.31
Egypt,2020-05-11,1.11,0.97,1.27
Equatorial Guinea,2020-03-03,2.0,0.34,6.43
Equatorial Guinea,2020-03-04,2.35,0.48,5.72
Equatorial Guinea,2020-03-05,3.34,1.04,5.8500000000000005
Equatorial Guinea,2020-03-06,3.11,1.33,4.94
Equatorial Guinea,2020-03-07,2.63,1.22,4.04
Equatorial Guinea,2020-03-08,2.25,1.09,3.44
Equatorial Guinea,2020-03-09,1.8900000000000001,0.88,2.92
Equatorial Guinea,2020-03-10,1.56,0.48,2.59
Equatorial Guinea,2020-03-11,1.49,0.48,2.47
Equatorial Guinea,2020-03-12,1.25,0.31,2.2
Equatorial Guinea,2020-03-13,1.3,0.35000000000000003,2.19
Equatorial Guinea,2020-03-14,1.43,0.53,2.3000000000000003
Equatorial Guinea,2020-03-15,1.53,0.6900000000000001,2.36
Equatorial Guinea,2020-03-16,1.7,0.93,2.46
Equatorial Guinea,2020-03-17,1.75,1.05,2.44
Equatorial Guinea,2020-03-18,1.61,0.96,2.25
Equatorial Guinea,2020-03-19,1.55,0.96,2.17
Equatorial Guinea,2020-03-20,1.3800000000000001,0.81,1.96
Equatorial Guinea,2020-03-21,1.23,0.68,1.8
Equatorial Guinea,2020-03-22,1.22,0.68,1.77
Equatorial Guinea,2020-03-23,1.1500000000000001,0.62,1.69
Equatorial Guinea,2020-03-24,1.1400000000000001,0.63,1.68
Equatorial Guinea,2020-03-25,1.21,0.7000000000000001,1.72
Equatorial Guinea,2020-03-26,1.18,0.6900000000000001,1.69
Equatorial Guinea,2020-03-27,1.17,0.6900000000000001,1.67
Equatorial Guinea,2020-03-28,1.2,0.71,1.6600000000000001
Equatorial Guinea,2020-03-29,1.16,0.7000000000000001,1.6400000000000001
Equatorial Guinea,2020-03-30,1.21,0.75,1.6600000000000001
Equatorial Guinea,2020-03-31,1.3,0.86,1.74
Equatorial Guinea,2020-04-01,1.36,0.9400000000000001,1.78
Equatorial Guinea,2020-04-02,1.44,1.05,1.85
Equatorial Guinea,2020-04-03,1.51,1.1500000000000001,1.9000000000000001
Equatorial Guinea,2020-04-04,1.54,1.19,1.8900000000000001
Equatorial Guinea,2020-04-05,1.51,1.19,1.85
Equatorial Guinea,2020-04-06,1.46,1.1500000000000001,1.77
Equatorial Guinea,2020-04-07,1.35,1.06,1.6500000000000001
Equatorial Guinea,2020-04-08,1.28,1.0,1.57
Equatorial Guinea,2020-04-09,1.21,0.9400000000000001,1.5
Equatorial Guinea,2020-04-10,1.1400000000000001,0.87,1.42
Equatorial Guinea,2020-04-11,1.1,0.8300000000000001,1.37
Equatorial Guinea,2020-04-12,1.09,0.8300000000000001,1.37
Equatorial Guinea,2020-04-13,1.09,0.8300000000000001,1.36
Equatorial Guinea,2020-04-14,1.12,0.86,1.3800000000000001
Equatorial Guinea,2020-04-15,1.1400000000000001,0.88,1.3900000000000001
Equatorial Guinea,2020-04-16,1.1500000000000001,0.9,1.4000000000000001
Equatorial Guinea,2020-04-17,1.16,0.91,1.4000000000000001
Equatorial Guinea,2020-04-18,1.1400000000000001,0.9,1.3900000000000001
Equatorial Guinea,2020-04-19,1.11,0.88,1.36
Equatorial Guinea,2020-04-20,1.1,0.87,1.34
Equatorial Guinea,2020-04-21,1.09,0.87,1.34
Equatorial Guinea,2020-04-22,1.1,0.87,1.33
Equatorial Guinea,2020-04-23,1.1300000000000001,0.9,1.35
Equatorial Guinea,2020-04-24,1.1500000000000001,0.93,1.3800000000000001
Equatorial Guinea,2020-04-25,1.18,0.97,1.41
Equatorial Guinea,2020-04-26,1.2,0.99,1.42
Equatorial Guinea,2020-04-27,1.2,1.0,1.42
Equatorial Guinea,2020-04-28,1.2,1.01,1.42
Equatorial Guinea,2020-04-29,1.2,1.01,1.41
Equatorial Guinea,2020-04-30,1.19,1.01,1.4000000000000001
Equatorial Guinea,2020-05-01,1.19,1.01,1.3900000000000001
Equatorial Guinea,2020-05-02,1.19,1.01,1.3800000000000001
Equatorial Guinea,2020-05-03,1.2,1.03,1.3900000000000001
Equatorial Guinea,2020-05-04,1.21,1.04,1.3900000000000001
Equatorial Guinea,2020-05-05,1.22,1.05,1.3900000000000001
Equatorial Guinea,2020-05-06,1.23,1.07,1.4000000000000001
Equatorial Guinea,2020-05-07,1.24,1.08,1.4000000000000001
Equatorial Guinea,2020-05-08,1.22,1.07,1.3800000000000001
Equatorial Guinea,2020-05-09,1.2,1.05,1.36
Equatorial Guinea,2020-05-10,1.1500000000000001,1.01,1.31
Equatorial Guinea,2020-05-11,1.11,0.97,1.27
Eritrea,2020-03-03,2.0,0.34,6.43
Eritrea,2020-03-04,2.35,0.48,5.72
Eritrea,2020-03-05,3.34,1.04,5.8500000000000005
Eritrea,2020-03-06,3.11,1.33,4.94
Eritrea,2020-03-07,2.63,1.22,4.04
Eritrea,2020-03-08,2.25,1.09,3.44
Eritrea,2020-03-09,1.8900000000000001,0.88,2.92
Eritrea,2020-03-10,1.56,0.48,2.59
Eritrea,2020-03-11,1.49,0.48,2.47
Eritrea,2020-03-12,1.25,0.31,2.2
Eritrea,2020-03-13,1.3,0.35000000000000003,2.19
Eritrea,2020-03-14,1.43,0.53,2.3000000000000003
Eritrea,2020-03-15,1.53,0.6900000000000001,2.36
Eritrea,2020-03-16,1.7,0.93,2.46
Eritrea,2020-03-17,1.75,1.05,2.44
Eritrea,2020-03-18,1.61,0.96,2.25
Eritrea,2020-03-19,1.55,0.96,2.17
Eritrea,2020-03-20,1.3800000000000001,0.81,1.96
Eritrea,2020-03-21,1.23,0.68,1.8
Eritrea,2020-03-22,1.22,0.68,1.77
Eritrea,2020-03-23,1.1500000000000001,0.62,1.69
Eritrea,2020-03-24,1.1400000000000001,0.63,1.68
Eritrea,2020-03-25,1.21,0.7000000000000001,1.72
Eritrea,2020-03-26,1.18,0.6900000000000001,1.69
Eritrea,2020-03-27,1.17,0.6900000000000001,1.67
Eritrea,2020-03-28,1.2,0.71,1.6600000000000001
Eritrea,2020-03-29,1.16,0.7000000000000001,1.6400000000000001
Eritrea,2020-03-30,1.21,0.75,1.6600000000000001
Eritrea,2020-03-31,1.3,0.86,1.74
Eritrea,2020-04-01,1.36,0.9400000000000001,1.78
Eritrea,2020-04-02,1.44,1.05,1.85
Eritrea,2020-04-03,1.51,1.1500000000000001,1.9000000000000001
Eritrea,2020-04-04,1.54,1.19,1.8900000000000001
Eritrea,2020-04-05,1.51,1.19,1.85
Eritrea,2020-04-06,1.46,1.1500000000000001,1.77
Eritrea,2020-04-07,1.35,1.06,1.6500000000000001
Eritrea,2020-04-08,1.28,1.0,1.57
Eritrea,2020-04-09,1.21,0.9400000000000001,1.5
Eritrea,2020-04-10,1.1400000000000001,0.87,1.42
Eritrea,2020-04-11,1.1,0.8300000000000001,1.37
Eritrea,2020-04-12,1.09,0.8300000000000001,1.37
Eritrea,2020-04-13,1.09,0.8300000000000001,1.36
Eritrea,2020-04-14,1.12,0.86,1.3800000000000001
Eritrea,2020-04-15,1.1400000000000001,0.88,1.3900000000000001
Eritrea,2020-04-16,1.1500000000000001,0.9,1.4000000000000001
Eritrea,2020-04-17,1.16,0.91,1.4000000000000001
Eritrea,2020-04-18,1.1400000000000001,0.9,1.3900000000000001
Eritrea,2020-04-19,1.11,0.88,1.36
Eritrea,2020-04-20,1.1,0.87,1.34
Eritrea,2020-04-21,1.09,0.87,1.34
Eritrea,2020-04-22,1.1,0.87,1.33
Eritrea,2020-04-23,1.1300000000000001,0.9,1.35
Eritrea,2020-04-24,1.1500000000000001,0.93,1.3800000000000001
Eritrea,2020-04-25,1.18,0.97,1.41
Eritrea,2020-04-26,1.2,0.99,1.42
Eritrea,2020-04-27,1.2,1.0,1.42
Eritrea,2020-04-28,1.2,1.01,1.42
Eritrea,2020-04-29,1.2,1.01,1.41
Eritrea,2020-04-30,1.19,1.01,1.4000000000000001
Eritrea,2020-05-01,1.19,1.01,1.3900000000000001
Eritrea,2020-05-02,1.19,1.01,1.3800000000000001
Eritrea,2020-05-03,1.2,1.03,1.3900000000000001
Eritrea,2020-05-04,1.21,1.04,1.3900000000000001
Eritrea,2020-05-05,1.22,1.05,1.3900000000000001
Eritrea,2020-05-06,1.23,1.07,1.4000000000000001
Eritrea,2020-05-07,1.24,1.08,1.4000000000000001
Eritrea,2020-05-08,1.22,1.07,1.3800000000000001
Eritrea,2020-05-09,1.2,1.05,1.36
Eritrea,2020-05-10,1.1500000000000001,1.01,1.31
Eritrea,2020-05-11,1.11,0.97,1.27
Eswatini,2020-04-07,2.0,0.34,6.43
Eswatini,2020-04-08,1.8800000000000001,0.38,5.01
Eswatini,2020-04-09,1.8,0.38,4.45
Eswatini,2020-04-10,1.74,0.4,4.13
Eswatini,2020-04-11,1.69,0.37,3.85
Eswatini,2020-04-12,1.6400000000000001,0.4,3.7
Eswatini,2020-04-13,1.61,0.41000000000000003,3.56
Eswatini,2020-04-14,1.0,0.0,3.35
Eswatini,2020-04-15,1.0,0.0,3.35
Eswatini,2020-04-16,1.0,0.0,3.35
Eswatini,2020-04-17,1.0,0.0,3.35
Eswatini,2020-04-18,1.53,0.0,3.66
Eswatini,2020-04-19,1.8900000000000001,0.01,3.7800000000000002
Eswatini,2020-04-20,1.73,0.01,3.47
Eswatini,2020-04-21,1.62,0.0,3.23
Eswatini,2020-04-22,1.78,0.08,3.31
Eswatini,2020-04-23,1.85,0.23,3.34
Eswatini,2020-04-24,1.85,0.33,3.24
Eswatini,2020-04-25,1.7,0.29,2.96
Eswatini,2020-04-26,1.6,0.3,2.79
Eswatini,2020-04-27,1.62,0.41000000000000003,2.77
Eswatini,2020-04-28,1.62,0.48,2.69
Eswatini,2020-04-29,1.3900000000000001,0.33,2.4
Eswatini,2020-04-30,1.29,0.27,2.25
Eswatini,2020-05-01,1.07,0.13,1.99
Eswatini,2020-05-02,0.93,0.03,1.79
Eswatini,2020-05-03,0.71,0.0,1.6
Eswatini,2020-05-04,0.77,0.01,1.69
Eswatini,2020-05-05,0.76,0.0,1.69
Eswatini,2020-05-06,1.0,0.03,1.94
Eswatini,2020-05-07,1.08,0.08,2.05
Eswatini,2020-05-08,1.24,0.21,2.25
Eswatini,2020-05-09,1.22,0.19,2.18
Eswatini,2020-05-10,1.28,0.29,2.2600000000000002
Eswatini,2020-05-11,0.93,0.03,1.79
Ethiopia,2020-03-14,2.0,0.34,6.43
Ethiopia,2020-03-15,1.8800000000000001,0.38,5.01
Ethiopia,2020-03-16,1.8,0.38,4.45
Ethiopia,2020-03-17,1.74,0.4,4.13
Ethiopia,2020-03-18,1.69,0.37,3.85
Ethiopia,2020-03-19,1.6400000000000001,0.4,3.7
Ethiopia,2020-03-20,1.61,0.41000000000000003,3.56
Ethiopia,2020-03-21,1.0,0.0,3.35
Ethiopia,2020-03-22,1.0,0.0,3.35
Ethiopia,2020-03-23,1.0,0.0,3.35
Ethiopia,2020-03-24,1.0,0.0,3.35
Ethiopia,2020-03-25,1.0,0.0,3.35
Ethiopia,2020-03-26,1.0,0.0,3.35
Ethiopia,2020-03-27,1.53,0.0,3.66
Ethiopia,2020-03-28,1.47,0.0,3.49
Ethiopia,2020-03-29,1.8,0.01,3.61
Ethiopia,2020-03-30,1.67,0.01,3.35
Ethiopia,2020-03-31,1.57,0.01,3.15
Ethiopia,2020-04-01,1.5,0.01,2.99
Ethiopia,2020-04-02,1.44,0.01,2.86
Ethiopia,2020-04-03,1.21,0.01,2.61
Ethiopia,2020-04-04,1.3800000000000001,0.01,2.7
Ethiopia,2020-04-05,1.18,0.01,2.49
Ethiopia,2020-04-06,1.17,0.0,2.44
Ethiopia,2020-04-07,1.16,0.0,2.41
Ethiopia,2020-04-08,1.16,0.0,2.38
Ethiopia,2020-04-09,1.1500000000000001,0.0,2.35
Ethiopia,2020-04-10,1.1500000000000001,0.01,2.34
Ethiopia,2020-04-11,1.0,0.0,2.2
Ethiopia,2020-04-12,1.0,0.0,2.2
Ethiopia,2020-04-13,1.1400000000000001,0.0,2.3000000000000003
Ethiopia,2020-04-14,1.1400000000000001,0.01,2.29
Ethiopia,2020-04-15,1.1300000000000001,0.02,2.2800000000000002
Ethiopia,2020-04-16,1.1300000000000001,0.0,2.23
Ethiopia,2020-04-17,1.12,0.0,2.21
Ethiopia,2020-04-18,1.12,0.0,2.19
Ethiopia,2020-04-19,1.0,0.01,2.1
Ethiopia,2020-04-20,0.88,0.0,2.0
Ethiopia,2020-04-21,0.75,0.0,1.92
Ethiopia,2020-04-22,0.59,0.0,1.86
Ethiopia,2020-04-23,0.55,0.0,1.8900000000000001
Ethiopia,2020-04-24,0.49,0.0,1.93
Ethiopia,2020-04-25,0.41000000000000003,0.0,1.99
Ethiopia,2020-04-26,0.56,0.0,2.18
Ethiopia,2020-04-27,0.5,0.0,2.23
Ethiopia,2020-04-28,0.72,0.0,2.46
Ethiopia,2020-04-29,1.0,0.0,2.69
Ethiopia,2020-04-30,1.0,0.0,2.69
Ethiopia,2020-05-01,1.0,0.0,2.69
Ethiopia,2020-05-02,1.0,0.0,2.69
Ethiopia,2020-05-03,1.53,0.0,3.0500000000000003
Ethiopia,2020-05-04,2.09,0.36,3.6
Ethiopia,2020-05-05,2.29,0.78,3.68
Ethiopia,2020-05-06,2.19,0.9,3.42
Ethiopia,2020-05-07,2.15,1.05,3.24
Ethiopia,2020-05-08,1.95,0.97,2.91
Ethiopia,2020-05-09,1.82,0.93,2.68
Ethiopia,2020-05-10,1.6,0.76,2.38
Ethiopia,2020-05-11,1.4000000000000001,0.62,2.16
Ghana,2020-03-12,2.0,0.34,6.43
Ghana,2020-03-13,1.8800000000000001,0.38,5.01
Ghana,2020-03-14,1.8,0.38,4.45
Ghana,2020-03-15,1.74,0.4,4.13
Ghana,2020-03-16,1.69,0.37,3.85
Ghana,2020-03-17,1.8900000000000001,0.47000000000000003,3.98
Ghana,2020-03-18,1.78,0.48,3.67
Ghana,2020-03-19,1.8,0.01,3.61
Ghana,2020-03-20,1.67,0.01,3.35
Ghana,2020-03-21,2.07,0.27,3.73
Ghana,2020-03-22,2.54,0.9,4.03
Ghana,2020-03-23,2.7800000000000002,1.49,4.0200000000000005
Ghana,2020-03-24,2.52,1.46,3.5500000000000003
Ghana,2020-03-25,2.25,1.33,3.11
Ghana,2020-03-26,1.87,1.07,2.67
Ghana,2020-03-27,1.58,0.8300000000000001,2.32
Ghana,2020-03-28,1.24,0.52,1.96
Ghana,2020-03-29,1.03,0.33,1.75
Ghana,2020-03-30,0.8300000000000001,0.14,1.52
Ghana,2020-03-31,0.67,0.02,1.32
Ghana,2020-04-01,0.56,0.0,1.24
Ghana,2020-04-02,0.46,0.0,1.21
Ghana,2020-04-03,0.49,0.0,1.28
Ghana,2020-04-04,0.9400000000000001,0.09,1.76
Ghana,2020-04-05,1.22,0.32,2.08
Ghana,2020-04-06,1.68,0.84,2.5
Ghana,2020-04-07,1.77,1.01,2.52
Ghana,2020-04-08,1.77,1.08,2.45
Ghana,2020-04-09,1.92,1.3,2.52
Ghana,2020-04-10,1.84,1.3,2.4
Ghana,2020-04-11,1.73,1.24,2.25
Ghana,2020-04-12,1.6,1.1400000000000001,2.07
Ghana,2020-04-13,1.32,0.89,1.79
Ghana,2020-04-14,1.11,0.67,1.55
Ghana,2020-04-15,1.05,0.62,1.5
Ghana,2020-04-16,1.07,0.64,1.51
Ghana,2020-04-17,1.27,0.85,1.69
Ghana,2020-04-18,1.33,0.93,1.74
Ghana,2020-04-19,1.36,0.98,1.75
Ghana,2020-04-20,1.3,0.92,1.6600000000000001
Ghana,2020-04-21,1.27,0.92,1.6400000000000001
Ghana,2020-04-22,1.1300000000000001,0.79,1.5
Ghana,2020-04-23,1.11,0.77,1.47
Ghana,2020-04-24,1.05,0.71,1.4000000000000001
Ghana,2020-04-25,1.08,0.74,1.43
Ghana,2020-04-26,1.01,0.68,1.37
Ghana,2020-04-27,1.23,0.91,1.58
Ghana,2020-04-28,1.29,0.97,1.61
Ghana,2020-04-29,1.44,1.1500000000000001,1.76
Ghana,2020-04-30,1.29,1.01,1.6
Ghana,2020-05-01,1.34,1.06,1.62
Ghana,2020-05-02,1.26,0.98,1.52
Ghana,2020-05-03,1.3900000000000001,1.1400000000000001,1.6600000000000001
Ghana,2020-05-04,1.28,1.04,1.54
Ghana,2020-05-05,1.5,1.27,1.74
Ghana,2020-05-06,1.54,1.33,1.77
Ghana,2020-05-07,1.58,1.3800000000000001,1.79
Ghana,2020-05-08,1.46,1.28,1.67
Ghana,2020-05-09,1.43,1.26,1.6300000000000001
Ghana,2020-05-10,1.28,1.1,1.45
Ghana,2020-05-11,1.26,1.09,1.43
Guinea,2020-03-22,2.0,0.34,6.43
Guinea,2020-03-23,1.8800000000000001,0.38,5.01
Guinea,2020-03-24,1.8,0.38,4.45
Guinea,2020-03-25,1.74,0.4,4.13
Guinea,2020-03-26,1.69,0.37,3.85
Guinea,2020-03-27,1.8900000000000001,0.47000000000000003,3.98
Guinea,2020-03-28,2.0,0.56,3.9
Guinea,2020-03-29,2.05,0.12,3.81
Guinea,2020-03-30,2.3000000000000003,0.46,3.98
Guinea,2020-03-31,2.31,0.7000000000000001,3.8000000000000003
Guinea,2020-04-01,2.57,1.22,3.81
Guinea,2020-04-02,2.36,1.25,3.44
Guinea,2020-04-03,2.13,1.18,3.08
Guinea,2020-04-04,1.8800000000000001,1.03,2.73
Guinea,2020-04-05,1.6400000000000001,0.86,2.43
Guinea,2020-04-06,1.45,0.7000000000000001,2.18
Guinea,2020-04-07,1.34,0.63,2.05
Guinea,2020-04-08,1.22,0.53,1.9100000000000001
Guinea,2020-04-09,1.1500000000000001,0.47000000000000003,1.82
Guinea,2020-04-10,1.17,0.49,1.81
Guinea,2020-04-11,1.25,0.61,1.9000000000000001
Guinea,2020-04-12,1.3800000000000001,0.78,2.0100000000000002
Guinea,2020-04-13,1.44,0.85,2.0100000000000002
Guinea,2020-04-14,1.45,0.91,2.0100000000000002
Guinea,2020-04-15,1.3900000000000001,0.88,1.93
Guinea,2020-04-16,1.37,0.88,1.8800000000000001
Guinea,2020-04-17,1.26,0.79,1.76
Guinea,2020-04-18,1.25,0.79,1.73
Guinea,2020-04-19,1.22,0.76,1.67
Guinea,2020-04-20,1.27,0.8300000000000001,1.71
Guinea,2020-04-21,1.32,0.91,1.76
Guinea,2020-04-22,1.35,0.9500000000000001,1.76
Guinea,2020-04-23,1.28,0.88,1.6600000000000001
Guinea,2020-04-24,1.29,0.93,1.69
Guinea,2020-04-25,1.23,0.86,1.59
Guinea,2020-04-26,1.23,0.87,1.58
Guinea,2020-04-27,1.23,0.88,1.57
Guinea,2020-04-28,1.2,0.88,1.56
Guinea,2020-04-29,1.17,0.84,1.5
Guinea,2020-04-30,1.1300000000000001,0.81,1.46
Guinea,2020-05-01,1.01,0.6900000000000001,1.34
Guinea,2020-05-02,0.98,0.66,1.31
Guinea,2020-05-03,0.92,0.6,1.26
Guinea,2020-05-04,0.85,0.52,1.19
Guinea,2020-05-05,0.85,0.5,1.18
Guinea,2020-05-06,0.81,0.46,1.16
Guinea,2020-05-07,0.87,0.52,1.23
Guinea,2020-05-08,0.91,0.56,1.28
Guinea,2020-05-09,0.92,0.56,1.29
Guinea,2020-05-10,0.92,0.55,1.28
Guinea,2020-05-11,0.85,0.49,1.24
Guinea-Bissau,2020-04-24,2.0,0.34,6.43
Guinea-Bissau,2020-04-25,2.17,0.51,4.99
Guinea-Bissau,2020-04-26,5.26,3.22,7.17
Guinea-Bissau,2020-04-27,3.68,2.41,4.9
Guinea-Bissau,2020-04-28,3.17,2.25,4.08
Guinea-Bissau,2020-04-29,2.5500000000000003,1.82,3.29
Guinea-Bissau,2020-04-30,2.06,1.43,2.7
Guinea-Bissau,2020-05-01,1.8900000000000001,1.32,2.48
Guinea-Bissau,2020-05-02,1.73,1.21,2.27
Guinea-Bissau,2020-05-03,1.46,0.97,1.97
Guinea-Bissau,2020-05-04,1.46,0.98,1.92
Guinea-Bissau,2020-05-05,1.3,0.86,1.77
Guinea-Bissau,2020-05-06,1.26,0.8200000000000001,1.7
Guinea-Bissau,2020-05-07,1.29,0.87,1.72
Guinea-Bissau,2020-05-08,1.17,0.76,1.59
Guinea-Bissau,2020-05-09,1.18,0.78,1.59
Guinea-Bissau,2020-05-10,1.1500000000000001,0.76,1.56
Guinea-Bissau,2020-05-11,1.01,0.62,1.42
Kenya,2020-03-14,2.0,0.34,6.43
Kenya,2020-03-15,1.8800000000000001,0.38,5.01
Kenya,2020-03-16,1.8,0.38,4.45
Kenya,2020-03-17,1.74,0.4,4.13
Kenya,2020-03-18,1.69,0.37,3.85
Kenya,2020-03-19,1.6400000000000001,0.4,3.7
Kenya,2020-03-20,1.83,0.46,3.79
Kenya,2020-03-21,1.8900000000000001,0.01,3.7800000000000002
Kenya,2020-03-22,2.05,0.12,3.81
Kenya,2020-03-23,1.83,0.11,3.44
Kenya,2020-03-24,1.69,0.09,3.16
Kenya,2020-03-25,1.59,0.11,2.99
Kenya,2020-03-26,1.51,0.12,2.85
Kenya,2020-03-27,1.31,0.04,2.54
Kenya,2020-03-28,1.29,0.06,2.5
Kenya,2020-03-29,1.3900000000000001,0.15,2.62
Kenya,2020-03-30,1.69,0.43,2.91
Kenya,2020-03-31,1.85,0.66,2.94
Kenya,2020-04-01,1.84,0.8,2.87
Kenya,2020-04-02,1.75,0.8,2.68
Kenya,2020-04-03,1.6300000000000001,0.76,2.5
Kenya,2020-04-04,1.46,0.64,2.2800000000000002
Kenya,2020-04-05,1.25,0.46,2.04
Kenya,2020-04-06,1.08,0.29,1.83
Kenya,2020-04-07,0.92,0.16,1.6600000000000001
Kenya,2020-04-08,0.75,0.05,1.47
Kenya,2020-04-09,0.59,0.0,1.31
Kenya,2020-04-10,0.49,0.0,1.28
Kenya,2020-04-11,0.47000000000000003,0.0,1.32
Kenya,2020-04-12,0.54,0.0,1.43
Kenya,2020-04-13,0.63,0.0,1.55
Kenya,2020-04-14,0.76,0.0,1.69
Kenya,2020-04-15,1.08,0.09,2.05
Kenya,2020-04-16,1.23,0.19,2.21
Kenya,2020-04-17,1.36,0.35000000000000003,2.36
Kenya,2020-04-18,1.3900000000000001,0.4,2.33
Kenya,2020-04-19,1.36,0.4,2.25
Kenya,2020-04-20,1.28,0.39,2.18
Kenya,2020-04-21,1.21,0.32,2.05
Kenya,2020-04-22,1.1,0.26,1.95
Kenya,2020-04-23,1.1500000000000001,0.28,1.95
Kenya,2020-04-24,1.05,0.23,1.87
Kenya,2020-04-25,0.9500000000000001,0.15,1.75
Kenya,2020-04-26,0.9500000000000001,0.16,1.77
Kenya,2020-04-27,0.9,0.11,1.7
Kenya,2020-04-28,0.9,0.1,1.7
Kenya,2020-04-29,1.0,0.17,1.83
Kenya,2020-04-30,1.1,0.26,1.95
Kenya,2020-05-01,1.29,0.43,2.1
Kenya,2020-05-02,1.48,0.68,2.27
Kenya,2020-05-03,1.6400000000000001,0.91,2.38
Kenya,2020-05-04,1.7,1.04,2.39
Kenya,2020-05-05,1.62,1.01,2.2600000000000002
Kenya,2020-05-06,1.49,0.91,2.08
Kenya,2020-05-07,1.32,0.77,1.9000000000000001
Kenya,2020-05-08,1.18,0.63,1.73
Kenya,2020-05-09,1.06,0.51,1.6
Kenya,2020-05-10,0.92,0.38,1.48
Kenya,2020-05-11,0.86,0.29,1.4000000000000001
Liberia,2020-03-31,2.0,0.34,6.43
Liberia,2020-04-01,1.8800000000000001,0.38,5.01
Liberia,2020-04-02,1.8,0.38,4.45
Liberia,2020-04-03,2.05,0.5,4.54
Liberia,2020-04-04,1.8900000000000001,0.47000000000000003,3.98
Liberia,2020-04-05,2.0,0.56,3.9
Liberia,2020-04-06,1.84,0.55,3.5300000000000002
Liberia,2020-04-07,1.83,0.11,3.44
Liberia,2020-04-08,2.09,0.36,3.6
Liberia,2020-04-09,1.85,0.33,3.24
Liberia,2020-04-10,1.7,0.29,2.96
Liberia,2020-04-11,1.49,0.22,2.68
Liberia,2020-04-12,1.22,0.08,2.32
Liberia,2020-04-13,1.11,0.01,2.13
Liberia,2020-04-14,1.0,0.02,2.05
Liberia,2020-04-15,0.78,0.0,1.86
Liberia,2020-04-16,0.89,0.0,1.97
Liberia,2020-04-17,0.88,0.0,1.98
Liberia,2020-04-18,1.12,0.04,2.22
Liberia,2020-04-19,1.22,0.08,2.32
Liberia,2020-04-20,1.21,0.09,2.29
Liberia,2020-04-21,1.1,0.03,2.12
Liberia,2020-04-22,1.1,0.06,2.14
Liberia,2020-04-23,1.0,0.02,2.0100000000000002
Liberia,2020-04-24,0.9,0.0,1.9100000000000001
Liberia,2020-04-25,0.9,0.0,1.92
Liberia,2020-04-26,0.9,0.0,1.93
Liberia,2020-04-27,1.0,0.02,2.05
Liberia,2020-04-28,1.0,0.02,2.05
Liberia,2020-04-29,1.0,0.02,2.05
Liberia,2020-04-30,1.0,0.02,2.05
Liberia,2020-05-01,1.0,0.02,2.05
Liberia,2020-05-02,0.89,0.0,1.94
Liberia,2020-05-03,0.89,0.0,1.96
Liberia,2020-05-04,1.0,0.0,2.05
Liberia,2020-05-05,1.22,0.09,2.31
Liberia,2020-05-06,1.21,0.09,2.27
Liberia,2020-05-07,1.2,0.12,2.27
Liberia,2020-05-08,1.09,0.06,2.11
Liberia,2020-05-09,1.09,0.08,2.12
Liberia,2020-05-10,1.0,0.01,1.96
Liberia,2020-05-11,0.91,0.0,1.8800000000000001
Libya,2020-03-31,2.0,0.34,6.43
Libya,2020-04-01,1.8800000000000001,0.38,5.01
Libya,2020-04-02,1.8,0.38,4.45
Libya,2020-04-03,2.05,0.5,4.54
Libya,2020-04-04,1.8900000000000001,0.47000000000000003,3.98
Libya,2020-04-05,2.0,0.56,3.9
Libya,2020-04-06,1.84,0.55,3.5300000000000002
Libya,2020-04-07,1.83,0.11,3.44
Libya,2020-04-08,2.09,0.36,3.6
Libya,2020-04-09,1.85,0.33,3.24
Libya,2020-04-10,1.7,0.29,2.96
Libya,2020-04-11,1.49,0.22,2.68
Libya,2020-04-12,1.22,0.08,2.32
Libya,2020-04-13,1.11,0.01,2.13
Libya,2020-04-14,1.0,0.02,2.05
Libya,2020-04-15,0.78,0.0,1.86
Libya,2020-04-16,0.89,0.0,1.97
Libya,2020-04-17,0.88,0.0,1.98
Libya,2020-04-18,1.12,0.04,2.22
Libya,2020-04-19,1.22,0.08,2.32
Libya,2020-04-20,1.21,0.09,2.29
Libya,2020-04-21,1.1,0.03,2.12
Libya,2020-04-22,1.1,0.06,2.14
Libya,2020-04-23,1.0,0.02,2.0100000000000002
Libya,2020-04-24,0.9,0.0,1.9100000000000001
Libya,2020-04-25,0.9,0.0,1.92
Libya,2020-04-26,0.9,0.0,1.93
Libya,2020-04-27,1.0,0.02,2.05
Libya,2020-04-28,1.0,0.02,2.05
Libya,2020-04-29,1.0,0.02,2.05
Libya,2020-04-30,1.0,0.02,2.05
Libya,2020-05-01,1.0,0.02,2.05
Libya,2020-05-02,0.89,0.0,1.94
Libya,2020-05-03,0.89,0.0,1.96
Libya,2020-05-04,1.0,0.0,2.05
Libya,2020-05-05,1.22,0.09,2.31
Libya,2020-05-06,1.21,0.09,2.27
Libya,2020-05-07,1.2,0.12,2.27
Libya,2020-05-08,1.09,0.06,2.11
Libya,2020-05-09,1.09,0.08,2.12
Libya,2020-05-10,1.0,0.01,1.96
Libya,2020-05-11,0.91,0.0,1.8800000000000001
Madagascar,2020-04-24,2.0,0.34,6.43
Madagascar,2020-04-25,1.8800000000000001,0.38,5.01
Madagascar,2020-04-26,1.8,0.38,4.45
Madagascar,2020-04-27,1.74,0.4,4.13
Madagascar,2020-04-28,1.69,0.37,3.85
Madagascar,2020-04-29,1.6400000000000001,0.4,3.7
Madagascar,2020-04-30,1.83,0.46,3.79
Madagascar,2020-05-01,1.8900000000000001,0.01,3.7800000000000002
Madagascar,2020-05-02,2.05,0.12,3.81
Madagascar,2020-05-03,2.07,0.27,3.73
Madagascar,2020-05-04,2.21,0.53,3.71
Madagascar,2020-05-05,2.06,0.59,3.41
Madagascar,2020-05-06,2.05,0.76,3.27
Madagascar,2020-05-07,1.6600000000000001,0.49,2.77
Madagascar,2020-05-08,1.33,0.25,2.36
Madagascar,2020-05-09,1.0,0.04,1.93
Madagascar,2020-05-10,0.67,0.0,1.6400000000000001
Madagascar,2020-05-11,0.43,0.0,1.53
Malawi,2020-04-19,2.0,0.34,6.43
Malawi,2020-04-20,2.35,0.48,5.72
Malawi,2020-04-21,2.05,0.5,4.54
Malawi,2020-04-22,2.17,0.61,4.33
Malawi,2020-04-23,1.94,0.55,3.75
Malawi,2020-04-24,1.8,0.55,3.44
Malawi,2020-04-25,1.56,0.45,3.0300000000000002
Malawi,2020-04-26,1.0,0.0,2.58
Malawi,2020-04-27,0.74,0.0,2.42
Malawi,2020-04-28,0.72,0.0,2.46
Malawi,2020-04-29,0.38,0.0,2.34
Malawi,2020-04-30,0.27,0.0,2.43
Malawi,2020-05-01,0.11,0.0,2.54
Malawi,2020-05-02,0.47000000000000003,0.0,2.94
Malawi,2020-05-03,1.0,0.0,3.35
Malawi,2020-05-04,1.0,0.0,3.35
Malawi,2020-05-05,1.0,0.0,3.35
Malawi,2020-05-06,1.53,0.0,3.66
Malawi,2020-05-07,1.47,0.0,3.49
Malawi,2020-05-08,1.8,0.01,3.61
Malawi,2020-05-09,1.67,0.01,3.35
Malawi,2020-05-10,1.57,0.01,3.15
Malawi,2020-05-11,1.5,0.01,2.99
Mauritius,2020-04-19,2.0,0.34,6.43
Mauritius,2020-04-20,2.35,0.48,5.72
Mauritius,2020-04-21,2.05,0.5,4.54
Mauritius,2020-04-22,2.17,0.61,4.33
Mauritius,2020-04-23,1.94,0.55,3.75
Mauritius,2020-04-24,1.8,0.55,3.44
Mauritius,2020-04-25,1.56,0.45,3.0300000000000002
Mauritius,2020-04-26,1.0,0.0,2.58
Mauritius,2020-04-27,0.74,0.0,2.42
Mauritius,2020-04-28,0.72,0.0,2.46
Mauritius,2020-04-29,0.38,0.0,2.34
Mauritius,2020-04-30,0.27,0.0,2.43
Mauritius,2020-05-01,0.11,0.0,2.54
Mauritius,2020-05-02,0.47000000000000003,0.0,2.94
Mauritius,2020-05-03,1.0,0.0,3.35
Mauritius,2020-05-04,1.0,0.0,3.35
Mauritius,2020-05-05,1.0,0.0,3.35
Mauritius,2020-05-06,1.53,0.0,3.66
Mauritius,2020-05-07,1.47,0.0,3.49
Mauritius,2020-05-08,1.8,0.01,3.61
Mauritius,2020-05-09,1.67,0.01,3.35
Mauritius,2020-05-10,1.57,0.01,3.15
Mauritius,2020-05-11,1.5,0.01,2.99
Morocco,2020-03-09,2.0,0.34,6.43
Morocco,2020-03-10,1.8800000000000001,0.38,5.01
Morocco,2020-03-11,2.17,0.51,4.99
Morocco,2020-03-12,2.2800000000000002,0.61,4.59
Morocco,2020-03-13,2.25,0.68,4.16
Morocco,2020-03-14,2.16,0.75,3.8200000000000003
Morocco,2020-03-15,2.21,0.89,3.66
Morocco,2020-03-16,2.06,0.59,3.41
Morocco,2020-03-17,1.95,0.65,3.18
Morocco,2020-03-18,1.85,0.66,2.94
Morocco,2020-03-19,1.77,0.71,2.79
Morocco,2020-03-20,1.76,0.78,2.67
Morocco,2020-03-21,1.74,0.87,2.6
Morocco,2020-03-22,1.71,0.9,2.48
Morocco,2020-03-23,1.77,1.05,2.49
Morocco,2020-03-24,1.84,1.2,2.5
Morocco,2020-03-25,1.83,1.25,2.42
Morocco,2020-03-26,1.79,1.27,2.33
Morocco,2020-03-27,1.72,1.25,2.22
Morocco,2020-03-28,1.6400000000000001,1.19,2.08
Morocco,2020-03-29,1.51,1.09,1.93
Morocco,2020-03-30,1.3800000000000001,0.98,1.78
Morocco,2020-03-31,1.25,0.87,1.6500000000000001
Morocco,2020-04-01,1.19,0.8200000000000001,1.58
Morocco,2020-04-02,1.17,0.8,1.54
Morocco,2020-04-03,1.19,0.8200000000000001,1.54
Morocco,2020-04-04,1.21,0.86,1.57
Morocco,2020-04-05,1.23,0.9,1.59
Morocco,2020-04-06,1.23,0.9,1.57
Morocco,2020-04-07,1.2,0.88,1.53
Morocco,2020-04-08,1.1500000000000001,0.8300000000000001,1.47
Morocco,2020-04-09,1.11,0.8,1.43
Morocco,2020-04-10,1.06,0.76,1.3900000000000001
Morocco,2020-04-11,1.06,0.75,1.37
Morocco,2020-04-12,1.07,0.77,1.3900000000000001
Morocco,2020-04-13,1.16,0.86,1.46
Morocco,2020-04-14,1.32,1.03,1.61
Morocco,2020-04-15,1.42,1.1500000000000001,1.7
Morocco,2020-04-16,1.45,1.19,1.71
Morocco,2020-04-17,1.42,1.17,1.6600000000000001
Morocco,2020-04-18,1.35,1.11,1.58
Morocco,2020-04-19,1.29,1.07,1.53
Morocco,2020-04-20,1.19,0.97,1.42
Morocco,2020-04-21,1.09,0.87,1.31
Morocco,2020-04-22,1.02,0.81,1.25
Morocco,2020-04-23,0.96,0.74,1.18
Morocco,2020-04-24,0.89,0.67,1.12
Morocco,2020-04-25,0.85,0.63,1.09
Morocco,2020-04-26,0.8,0.5700000000000001,1.04
Morocco,2020-04-27,0.77,0.53,1.01
Morocco,2020-04-28,0.74,0.49,0.99
Morocco,2020-04-29,0.72,0.47000000000000003,0.99
Morocco,2020-04-30,0.75,0.49,1.02
Morocco,2020-05-01,0.88,0.62,1.16
Morocco,2020-05-02,0.99,0.73,1.27
Morocco,2020-05-03,1.1300000000000001,0.87,1.4000000000000001
Morocco,2020-05-04,1.2,0.9500000000000001,1.47
Morocco,2020-05-05,1.23,0.98,1.48
Morocco,2020-05-06,1.22,0.98,1.47
Morocco,2020-05-07,1.18,0.9500000000000001,1.43
Morocco,2020-05-08,1.1400000000000001,0.91,1.3800000000000001
Morocco,2020-05-09,1.11,0.87,1.33
Morocco,2020-05-10,1.07,0.85,1.31
Morocco,2020-05-11,1.08,0.86,1.32
Mozambique,2020-05-06,2.0,0.34,6.43
Mozambique,2020-05-07,1.8800000000000001,0.38,5.01
Mozambique,2020-05-08,2.65,0.68,5.5600000000000005
Mozambique,2020-05-09,2.48,0.74,4.64
Mozambique,2020-05-10,2.3000000000000003,0.76,4.05
Mozambique,2020-05-11,2.32,0.92,3.83
Namibia,2020-05-06,2.0,0.34,6.43
Namibia,2020-05-07,1.8800000000000001,0.38,5.01
Namibia,2020-05-08,2.65,0.68,5.5600000000000005
Namibia,2020-05-09,2.48,0.74,4.64
Namibia,2020-05-10,2.3000000000000003,0.76,4.05
Namibia,2020-05-11,2.32,0.92,3.83
Niger,2020-03-21,2.0,0.34,6.43
Niger,2020-03-22,1.8800000000000001,0.38,5.01
Niger,2020-03-23,1.8,0.38,4.45
Niger,2020-03-24,1.74,0.4,4.13
Niger,2020-03-25,1.96,0.5,4.24
Niger,2020-03-26,1.83,0.46,3.79
Niger,2020-03-27,1.94,0.55,3.75
Niger,2020-03-28,1.67,0.01,3.35
Niger,2020-03-29,2.52,0.65,4.17
Niger,2020-03-30,2.69,1.18,4.11
Niger,2020-03-31,2.67,1.45,3.83
Niger,2020-04-01,2.44,1.44,3.43
Niger,2020-04-02,2.24,1.3900000000000001,3.09
Niger,2020-04-03,2.09,1.34,2.82
Niger,2020-04-04,1.97,1.3,2.61
Niger,2020-04-05,1.8,1.22,2.41
Niger,2020-04-06,1.71,1.17,2.2600000000000002
Niger,2020-04-07,1.58,1.08,2.09
Niger,2020-04-08,1.47,0.98,1.93
Niger,2020-04-09,1.35,0.89,1.8
Niger,2020-04-10,1.18,0.74,1.6300000000000001
Niger,2020-04-11,1.08,0.62,1.5
Niger,2020-04-12,0.92,0.48,1.37
Niger,2020-04-13,0.75,0.3,1.22
Niger,2020-04-14,0.63,0.16,1.1
Niger,2020-04-15,0.51,0.06,0.99
Niger,2020-04-16,0.42,0.01,0.9
Niger,2020-04-17,0.43,0.01,0.9500000000000001
Niger,2020-04-18,0.36,0.0,0.93
Niger,2020-04-19,0.37,0.0,0.98
Niger,2020-04-20,0.43,0.0,1.08
Niger,2020-04-21,0.38,0.0,1.09
Niger,2020-04-22,0.42,0.0,1.17
Niger,2020-04-23,0.43,0.0,1.24
Niger,2020-04-24,0.47000000000000003,0.0,1.32
Niger,2020-04-25,0.6,0.0,1.48
Niger,2020-04-26,0.71,0.0,1.6
Niger,2020-04-27,0.85,0.0,1.74
Niger,2020-04-28,1.0,0.04,1.92
Niger,2020-04-29,1.0,0.04,1.92
Niger,2020-04-30,1.0,0.04,1.92
Niger,2020-05-01,1.0,0.04,1.92
Niger,2020-05-02,1.0,0.04,1.92
Niger,2020-05-03,1.1500000000000001,0.16,2.14
Niger,2020-05-04,1.1500000000000001,0.15,2.1
Niger,2020-05-05,1.1400000000000001,0.18,2.11
Niger,2020-05-06,1.21,0.24,2.17
Niger,2020-05-07,1.26,0.3,2.2
Niger,2020-05-08,1.24,0.3,2.15
Niger,2020-05-09,1.23,0.33,2.14
Niger,2020-05-10,1.16,0.28,2.04
Niger,2020-05-11,1.16,0.29,2.02
Nigeria,2020-03-16,2.0,0.34,6.43
Nigeria,2020-03-17,1.8800000000000001,0.38,5.01
Nigeria,2020-03-18,2.17,0.51,4.99
Nigeria,2020-03-19,2.64,0.79,4.99
Nigeria,2020-03-20,2.4,0.77,4.2
Nigeria,2020-03-21,2.21,0.8300000000000001,3.7800000000000002
Nigeria,2020-03-22,2.07,0.8200000000000001,3.41
Nigeria,2020-03-23,1.95,0.5700000000000001,3.2600000000000002
Nigeria,2020-03-24,1.77,0.5,2.94
Nigeria,2020-03-25,1.6500000000000001,0.5,2.7600000000000002
Nigeria,2020-03-26,1.56,0.48,2.59
Nigeria,2020-03-27,1.55,0.53,2.5100000000000002
Nigeria,2020-03-28,1.49,0.54,2.41
Nigeria,2020-03-29,1.53,0.65,2.41
Nigeria,2020-03-30,1.47,0.64,2.3000000000000003
Nigeria,2020-03-31,1.46,0.68,2.25
Nigeria,2020-04-01,1.3800000000000001,0.62,2.11
Nigeria,2020-04-02,1.24,0.53,1.98
Nigeria,2020-04-03,1.1,0.39,1.81
Nigeria,2020-04-04,1.03,0.33,1.74
Nigeria,2020-04-05,0.9,0.2,1.59
Nigeria,2020-04-06,0.86,0.18,1.58
Nigeria,2020-04-07,0.8200000000000001,0.13,1.53
Nigeria,2020-04-08,0.85,0.14,1.57
Nigeria,2020-04-09,0.89,0.15,1.61
Nigeria,2020-04-10,0.96,0.22,1.72
Nigeria,2020-04-11,1.0,0.24,1.75
Nigeria,2020-04-12,1.12,0.36,1.8800000000000001
Nigeria,2020-04-13,1.26,0.5,1.98
Nigeria,2020-04-14,1.44,0.74,2.15
Nigeria,2020-04-15,1.54,0.89,2.21
Nigeria,2020-04-16,1.67,1.06,2.27
Nigeria,2020-04-17,1.69,1.1400000000000001,2.25
Nigeria,2020-04-18,1.61,1.1,2.13
Nigeria,2020-04-19,1.6600000000000001,1.19,2.14
Nigeria,2020-04-20,1.6400000000000001,1.21,2.09
Nigeria,2020-04-21,1.6500000000000001,1.25,2.06
Nigeria,2020-04-22,1.6300000000000001,1.27,2.02
Nigeria,2020-04-23,1.54,1.19,1.8900000000000001
Nigeria,2020-04-24,1.44,1.11,1.77
Nigeria,2020-04-25,1.41,1.1,1.73
Nigeria,2020-04-26,1.31,1.02,1.6300000000000001
Nigeria,2020-04-27,1.33,1.05,1.6300000000000001
Nigeria,2020-04-28,1.36,1.09,1.6500000000000001
Nigeria,2020-04-29,1.3900000000000001,1.1300000000000001,1.6600000000000001
Nigeria,2020-04-30,1.3900000000000001,1.1500000000000001,1.6600000000000001
Nigeria,2020-05-01,1.41,1.17,1.6500000000000001
Nigeria,2020-05-02,1.35,1.12,1.58
Nigeria,2020-05-03,1.3,1.08,1.52
Nigeria,2020-05-04,1.25,1.04,1.47
Nigeria,2020-05-05,1.22,1.02,1.44
Nigeria,2020-05-06,1.2,1.0,1.41
Nigeria,2020-05-07,1.21,1.02,1.42
Nigeria,2020-05-08,1.19,1.0,1.3900000000000001
Nigeria,2020-05-09,1.19,1.0,1.3800000000000001
Nigeria,2020-05-10,1.17,0.99,1.36
Nigeria,2020-05-11,1.11,0.93,1.3
Rwanda,2020-03-14,2.0,0.34,6.43
Rwanda,2020-03-15,1.8800000000000001,0.38,5.01
Rwanda,2020-03-16,2.17,0.51,4.99
Rwanda,2020-03-17,1.96,0.5,4.24
Rwanda,2020-03-18,1.83,0.46,3.79
Rwanda,2020-03-19,1.94,0.55,3.75
Rwanda,2020-03-20,1.98,0.61,3.59
Rwanda,2020-03-21,1.95,0.25,3.52
Rwanda,2020-03-22,1.76,0.24,3.22
Rwanda,2020-03-23,1.6400000000000001,0.21,2.97
Rwanda,2020-03-24,1.55,0.23,2.83
Rwanda,2020-03-25,1.49,0.22,2.68
Rwanda,2020-03-26,1.33,0.13,2.43
Rwanda,2020-03-27,1.1,0.04,2.15
Rwanda,2020-03-28,1.1,0.03,2.12
Rwanda,2020-03-29,1.1,0.06,2.14
Rwanda,2020-03-30,0.9,0.0,1.9100000000000001
Rwanda,2020-03-31,0.9,0.0,1.92
Rwanda,2020-04-01,0.9,0.0,1.93
Rwanda,2020-04-02,0.89,0.0,1.94
Rwanda,2020-04-03,1.11,0.01,2.13
Rwanda,2020-04-04,0.89,0.0,1.94
Rwanda,2020-04-05,0.78,0.0,1.87
Rwanda,2020-04-06,0.76,0.0,1.9000000000000001
Rwanda,2020-04-07,0.75,0.0,1.92
Rwanda,2020-04-08,0.73,0.0,1.95
Rwanda,2020-04-09,0.71,0.0,1.98
Rwanda,2020-04-10,0.6900000000000001,0.0,2.0100000000000002
Rwanda,2020-04-11,0.84,0.0,2.15
Rwanda,2020-04-12,1.0,0.0,2.29
Rwanda,2020-04-13,1.16,0.0,2.41
Rwanda,2020-04-14,1.16,0.0,2.38
Rwanda,2020-04-15,1.0,0.0,2.24
Rwanda,2020-04-16,1.0,0.0,2.24
Rwanda,2020-04-17,0.84,0.0,2.13
Rwanda,2020-04-18,0.67,0.0,2.04
Rwanda,2020-04-19,0.64,0.0,2.08
Rwanda,2020-04-20,0.6,0.0,2.13
Rwanda,2020-04-21,0.78,0.0,2.31
Rwanda,2020-04-22,1.42,0.0,2.79
Rwanda,2020-04-23,1.73,0.23,3.15
Rwanda,2020-04-24,1.8900000000000001,0.46,3.24
Rwanda,2020-04-25,1.95,0.65,3.18
Rwanda,2020-04-26,1.85,0.66,2.94
Rwanda,2020-04-27,1.7,0.62,2.71
Rwanda,2020-04-28,1.53,0.53,2.48
Rwanda,2020-04-29,1.36,0.4,2.25
Rwanda,2020-04-30,1.17,0.28,2.06
Rwanda,2020-05-01,1.0,0.14,1.84
Rwanda,2020-05-02,0.8300000000000001,0.05,1.6500000000000001
Rwanda,2020-05-03,0.64,0.0,1.46
Rwanda,2020-05-04,0.54,0.0,1.43
Rwanda,2020-05-05,0.4,0.0,1.3900000000000001
Rwanda,2020-05-06,0.29,0.0,1.4000000000000001
Rwanda,2020-05-07,0.37,0.0,1.55
Rwanda,2020-05-08,0.38,0.0,1.6500000000000001
Rwanda,2020-05-09,0.58,0.0,1.87
Rwanda,2020-05-10,0.85,0.0,2.11
Rwanda,2020-05-11,0.84,0.0,2.13
Senegal,2020-03-11,2.0,0.34,6.43
Senegal,2020-03-12,2.35,0.48,5.72
Senegal,2020-03-13,2.43,0.64,4.98
Senegal,2020-03-14,2.35,0.72,4.39
Senegal,2020-03-15,2.0300000000000002,0.63,3.71
Senegal,2020-03-16,1.85,0.58,3.3200000000000003
Senegal,2020-03-17,1.73,0.5700000000000001,3.08
Senegal,2020-03-18,1.51,0.12,2.85
Senegal,2020-03-19,1.45,0.11,2.71
Senegal,2020-03-20,1.53,0.22,2.7800000000000002
Senegal,2020-03-21,1.69,0.43,2.91
Senegal,2020-03-22,1.68,0.51,2.82
Senegal,2020-03-23,1.6500000000000001,0.55,2.69
Senegal,2020-03-24,1.5,0.49,2.5
Senegal,2020-03-25,1.44,0.47000000000000003,2.37
Senegal,2020-03-26,1.29,0.37,2.19
Senegal,2020-03-27,1.22,0.32,2.08
Senegal,2020-03-28,1.1500000000000001,0.29,2.0100000000000002
Senegal,2020-03-29,1.1500000000000001,0.29,1.98
Senegal,2020-03-30,1.1,0.26,1.92
Senegal,2020-03-31,1.09,0.28,1.93
Senegal,2020-04-01,1.09,0.27,1.9000000000000001
Senegal,2020-04-02,1.05,0.24,1.85
Senegal,2020-04-03,0.91,0.13,1.69
Senegal,2020-04-04,0.76,0.02,1.49
Senegal,2020-04-05,0.7000000000000001,0.0,1.44
Senegal,2020-04-06,0.61,0.0,1.41
Senegal,2020-04-07,0.7000000000000001,0.0,1.51
Senegal,2020-04-08,0.67,0.0,1.53
Senegal,2020-04-09,0.86,0.02,1.73
Senegal,2020-04-10,1.07,0.12,1.99
Senegal,2020-04-11,1.07,0.13,1.99
Senegal,2020-04-12,1.07,0.13,1.98
Senegal,2020-04-13,1.2,0.24,2.13
Senegal,2020-04-14,1.19,0.24,2.09
Senegal,2020-04-15,1.24,0.32,2.15
Senegal,2020-04-16,1.22,0.31,2.09
Senegal,2020-04-17,1.16,0.29,2.0300000000000002
Senegal,2020-04-18,1.25,0.37,2.08
Senegal,2020-04-19,1.33,0.49,2.15
Senegal,2020-04-20,1.43,0.63,2.21
Senegal,2020-04-21,1.6,0.86,2.33
Senegal,2020-04-22,1.76,1.1,2.44
Senegal,2020-04-23,1.83,1.24,2.45
Senegal,2020-04-24,1.84,1.31,2.4
Senegal,2020-04-25,1.79,1.29,2.27
Senegal,2020-04-26,1.7,1.25,2.15
Senegal,2020-04-27,1.56,1.1400000000000001,1.98
Senegal,2020-04-28,1.44,1.05,1.85
Senegal,2020-04-29,1.33,0.9500000000000001,1.71
Senegal,2020-04-30,1.25,0.88,1.62
Senegal,2020-05-01,1.2,0.84,1.56
Senegal,2020-05-02,1.1300000000000001,0.78,1.49
Senegal,2020-05-03,1.11,0.76,1.46
Senegal,2020-05-04,1.1,0.76,1.45
Senegal,2020-05-05,1.06,0.73,1.42
Senegal,2020-05-06,1.04,0.6900000000000001,1.37
Senegal,2020-05-07,1.01,0.67,1.35
Senegal,2020-05-08,1.03,0.6900000000000001,1.37
Senegal,2020-05-09,1.09,0.75,1.42
Senegal,2020-05-10,1.1300000000000001,0.8,1.46
Senegal,2020-05-11,1.22,0.89,1.53
Seychelles,2020-03-11,2.0,0.34,6.43
Seychelles,2020-03-12,2.35,0.48,5.72
Seychelles,2020-03-13,2.43,0.64,4.98
Seychelles,2020-03-14,2.35,0.72,4.39
Seychelles,2020-03-15,2.0300000000000002,0.63,3.71
Seychelles,2020-03-16,1.85,0.58,3.3200000000000003
Seychelles,2020-03-17,1.73,0.5700000000000001,3.08
Seychelles,2020-03-18,1.51,0.12,2.85
Seychelles,2020-03-19,1.45,0.11,2.71
Seychelles,2020-03-20,1.53,0.22,2.7800000000000002
Seychelles,2020-03-21,1.69,0.43,2.91
Seychelles,2020-03-22,1.68,0.51,2.82
Seychelles,2020-03-23,1.6500000000000001,0.55,2.69
Seychelles,2020-03-24,1.5,0.49,2.5
Seychelles,2020-03-25,1.44,0.47000000000000003,2.37
Seychelles,2020-03-26,1.29,0.37,2.19
Seychelles,2020-03-27,1.22,0.32,2.08
Seychelles,2020-03-28,1.1500000000000001,0.29,2.0100000000000002
Seychelles,2020-03-29,1.1500000000000001,0.29,1.98
Seychelles,2020-03-30,1.1,0.26,1.92
Seychelles,2020-03-31,1.09,0.28,1.93
Seychelles,2020-04-01,1.09,0.27,1.9000000000000001
Seychelles,2020-04-02,1.05,0.24,1.85
Seychelles,2020-04-03,0.91,0.13,1.69
Seychelles,2020-04-04,0.76,0.02,1.49
Seychelles,2020-04-05,0.7000000000000001,0.0,1.44
Seychelles,2020-04-06,0.61,0.0,1.41
Seychelles,2020-04-07,0.7000000000000001,0.0,1.51
Seychelles,2020-04-08,0.67,0.0,1.53
Seychelles,2020-04-09,0.86,0.02,1.73
Seychelles,2020-04-10,1.07,0.12,1.99
Seychelles,2020-04-11,1.07,0.13,1.99
Seychelles,2020-04-12,1.07,0.13,1.98
Seychelles,2020-04-13,1.2,0.24,2.13
Seychelles,2020-04-14,1.19,0.24,2.09
Seychelles,2020-04-15,1.24,0.32,2.15
Seychelles,2020-04-16,1.22,0.31,2.09
Seychelles,2020-04-17,1.16,0.29,2.0300000000000002
Seychelles,2020-04-18,1.25,0.37,2.08
Seychelles,2020-04-19,1.33,0.49,2.15
Seychelles,2020-04-20,1.43,0.63,2.21
Seychelles,2020-04-21,1.6,0.86,2.33
Seychelles,2020-04-22,1.76,1.1,2.44
Seychelles,2020-04-23,1.83,1.24,2.45
Seychelles,2020-04-24,1.84,1.31,2.4
Seychelles,2020-04-25,1.79,1.29,2.27
Seychelles,2020-04-26,1.7,1.25,2.15
Seychelles,2020-04-27,1.56,1.1400000000000001,1.98
Seychelles,2020-04-28,1.44,1.05,1.85
Seychelles,2020-04-29,1.33,0.9500000000000001,1.71
Seychelles,2020-04-30,1.25,0.88,1.62
Seychelles,2020-05-01,1.2,0.84,1.56
Seychelles,2020-05-02,1.1300000000000001,0.78,1.49
Seychelles,2020-05-03,1.11,0.76,1.46
Seychelles,2020-05-04,1.1,0.76,1.45
Seychelles,2020-05-05,1.06,0.73,1.42
Seychelles,2020-05-06,1.04,0.6900000000000001,1.37
Seychelles,2020-05-07,1.01,0.67,1.35
Seychelles,2020-05-08,1.03,0.6900000000000001,1.37
Seychelles,2020-05-09,1.09,0.75,1.42
Seychelles,2020-05-10,1.1300000000000001,0.8,1.46
Seychelles,2020-05-11,1.22,0.89,1.53
Sierra Leone,2020-04-09,2.0,0.34,6.43
Sierra Leone,2020-04-10,1.8800000000000001,0.38,5.01
Sierra Leone,2020-04-11,1.8,0.38,4.45
Sierra Leone,2020-04-12,1.74,0.4,4.13
Sierra Leone,2020-04-13,1.69,0.37,3.85
Sierra Leone,2020-04-14,1.8900000000000001,0.47000000000000003,3.98
Sierra Leone,2020-04-15,2.0,0.56,3.9
Sierra Leone,2020-04-16,2.05,0.12,3.81
Sierra Leone,2020-04-17,2.07,0.27,3.73
Sierra Leone,2020-04-18,2.0300000000000002,0.39,3.56
Sierra Leone,2020-04-19,1.96,0.48,3.36
Sierra Leone,2020-04-20,1.78,0.42,3.0300000000000002
Sierra Leone,2020-04-21,1.6500000000000001,0.39,2.8000000000000003
Sierra Leone,2020-04-22,1.47,0.32,2.57
Sierra Leone,2020-04-23,1.34,0.26,2.39
Sierra Leone,2020-04-24,1.24,0.21,2.25
Sierra Leone,2020-04-25,1.08,0.12,2.05
Sierra Leone,2020-04-26,0.92,0.04,1.85
Sierra Leone,2020-04-27,1.0,0.04,1.9100000000000001
Sierra Leone,2020-04-28,0.92,0.01,1.82
Sierra Leone,2020-04-29,1.1500000000000001,0.16,2.14
Sierra Leone,2020-04-30,1.22,0.22,2.2
Sierra Leone,2020-05-01,1.34,0.34,2.3000000000000003
Sierra Leone,2020-05-02,1.43,0.48,2.37
Sierra Leone,2020-05-03,1.55,0.65,2.43
Sierra Leone,2020-05-04,1.44,0.5700000000000001,2.25
Sierra Leone,2020-05-05,1.44,0.64,2.24
Sierra Leone,2020-05-06,1.35,0.59,2.12
Sierra Leone,2020-05-07,1.33,0.6,2.07
Sierra Leone,2020-05-08,1.3,0.58,1.99
Sierra Leone,2020-05-09,1.31,0.63,1.99
Sierra Leone,2020-05-10,1.26,0.61,1.93
Sierra Leone,2020-05-11,1.27,0.62,1.8900000000000001
South Africa,2020-03-07,2.0,0.34,6.43
South Africa,2020-03-08,1.8800000000000001,0.38,5.01
South Africa,2020-03-09,2.17,0.51,4.99
South Africa,2020-03-10,2.2800000000000002,0.61,4.59
South Africa,2020-03-11,2.5,0.8300000000000001,4.43
South Africa,2020-03-12,2.45,0.96,4.04
South Africa,2020-03-13,2.2,0.9400000000000001,3.56
South Africa,2020-03-14,2.04,0.6900000000000001,3.33
South Africa,2020-03-15,2.18,1.01,3.31
South Africa,2020-03-16,2.11,1.09,3.09
South Africa,2020-03-17,2.12,1.24,2.98
South Africa,2020-03-18,2.06,1.29,2.81
South Africa,2020-03-19,1.96,1.28,2.63
South Africa,2020-03-20,1.96,1.37,2.57
South Africa,2020-03-21,2.0300000000000002,1.5,2.5500000000000003
South Africa,2020-03-22,2.0300000000000002,1.58,2.5100000000000002
South Africa,2020-03-23,2.08,1.68,2.49
South Africa,2020-03-24,2.07,1.73,2.44
South Africa,2020-03-25,1.9000000000000001,1.59,2.22
South Africa,2020-03-26,1.73,1.45,2.0300000000000002
South Africa,2020-03-27,1.5,1.22,1.76
South Africa,2020-03-28,1.25,1.0,1.53
South Africa,2020-03-29,1.03,0.77,1.3
South Africa,2020-03-30,0.79,0.53,1.07
South Africa,2020-03-31,0.54,0.26,0.8300000000000001
South Africa,2020-04-01,0.41000000000000003,0.11,0.71
South Africa,2020-04-02,0.29,0.02,0.6
South Africa,2020-04-03,0.32,0.01,0.64
South Africa,2020-04-04,0.5,0.13,0.89
South Africa,2020-04-05,0.78,0.39,1.19
South Africa,2020-04-06,1.03,0.65,1.45
South Africa,2020-04-07,1.22,0.8300000000000001,1.6
South Africa,2020-04-08,1.19,0.8200000000000001,1.58
South Africa,2020-04-09,1.2,0.84,1.58
South Africa,2020-04-10,1.2,0.84,1.56
South Africa,2020-04-11,1.23,0.88,1.58
South Africa,2020-04-12,1.24,0.91,1.59
South Africa,2020-04-13,1.28,0.96,1.62
South Africa,2020-04-14,1.29,0.98,1.61
South Africa,2020-04-15,1.37,1.06,1.6600000000000001
South Africa,2020-04-16,1.36,1.08,1.6600000000000001
South Africa,2020-04-17,1.37,1.1,1.6500000000000001
South Africa,2020-04-18,1.34,1.08,1.61
South Africa,2020-04-19,1.31,1.06,1.57
South Africa,2020-04-20,1.29,1.05,1.54
South Africa,2020-04-21,1.28,1.04,1.51
South Africa,2020-04-22,1.25,1.02,1.48
South Africa,2020-04-23,1.25,1.03,1.48
South Africa,2020-04-24,1.21,1.0,1.44
South Africa,2020-04-25,1.17,0.96,1.3900000000000001
South Africa,2020-04-26,1.16,0.96,1.3800000000000001
South Africa,2020-04-27,1.1500000000000001,0.9500000000000001,1.36
South Africa,2020-04-28,1.17,0.97,1.37
South Africa,2020-04-29,1.21,1.01,1.4000000000000001
South Africa,2020-04-30,1.24,1.05,1.43
South Africa,2020-05-01,1.28,1.1,1.47
South Africa,2020-05-02,1.32,1.1400000000000001,1.49
South Africa,2020-05-03,1.29,1.1300000000000001,1.47
South Africa,2020-05-04,1.26,1.1,1.43
South Africa,2020-05-05,1.23,1.07,1.3900000000000001
South Africa,2020-05-06,1.2,1.04,1.35
South Africa,2020-05-07,1.2,1.06,1.37
South Africa,2020-05-08,1.22,1.08,1.3800000000000001
South Africa,2020-05-09,1.24,1.1,1.3900000000000001
South Africa,2020-05-10,1.26,1.1300000000000001,1.41
South Africa,2020-05-11,1.27,1.1300000000000001,1.4000000000000001
South Sudan,2020-04-25,2.0,0.34,6.43
South Sudan,2020-04-26,2.65,0.68,5.5600000000000005
South Sudan,2020-04-27,2.64,0.87,4.67
South Sudan,2020-04-28,2.2800000000000002,0.8200000000000001,3.85
South Sudan,2020-04-29,1.95,0.75,3.31
South Sudan,2020-04-30,1.67,0.6,2.84
South Sudan,2020-05-01,1.43,0.51,2.5300000000000002
South Sudan,2020-05-02,1.11,0.03,2.17
South Sudan,2020-05-03,0.89,0.0,1.96
South Sudan,2020-05-04,0.77,0.0,1.8900000000000001
South Sudan,2020-05-05,1.12,0.04,2.22
South Sudan,2020-05-06,1.53,0.33,2.71
South Sudan,2020-05-07,1.73,0.58,2.83
South Sudan,2020-05-08,1.96,0.9400000000000001,2.96
South Sudan,2020-05-09,1.83,0.91,2.73
South Sudan,2020-05-10,1.73,0.89,2.5500000000000003
South Sudan,2020-05-11,1.58,0.78,2.32
Sudan,2020-03-27,2.0,0.34,6.43
Sudan,2020-03-28,1.8800000000000001,0.38,5.01
Sudan,2020-03-29,1.8,0.38,4.45
Sudan,2020-03-30,1.74,0.4,4.13
Sudan,2020-03-31,1.69,0.37,3.85
Sudan,2020-04-01,1.6400000000000001,0.4,3.7
Sudan,2020-04-02,1.61,0.41000000000000003,3.56
Sudan,2020-04-03,1.0,0.0,3.35
Sudan,2020-04-04,1.0,0.0,3.35
Sudan,2020-04-05,1.0,0.0,3.35
Sudan,2020-04-06,1.0,0.0,3.35
Sudan,2020-04-07,1.0,0.0,3.35
Sudan,2020-04-08,1.0,0.0,3.35
Sudan,2020-04-09,1.0,0.0,3.35
Sudan,2020-04-10,1.53,0.0,3.66
Sudan,2020-04-11,1.47,0.0,3.49
Sudan,2020-04-12,1.8,0.01,3.61
Sudan,2020-04-13,1.67,0.01,3.35
Sudan,2020-04-14,1.57,0.01,3.15
Sudan,2020-04-15,1.73,0.11,3.2600000000000002
Sudan,2020-04-16,1.98,0.38,3.48
Sudan,2020-04-17,2.19,0.73,3.5300000000000002
Sudan,2020-04-18,2.21,0.97,3.4
Sudan,2020-04-19,2.15,1.09,3.2
Sudan,2020-04-20,2.06,1.1,2.94
Sudan,2020-04-21,1.8800000000000001,1.04,2.69
Sudan,2020-04-22,1.72,0.97,2.48
Sudan,2020-04-23,1.58,0.86,2.2600000000000002
Sudan,2020-04-24,1.42,0.75,2.08
Sudan,2020-04-25,1.41,0.78,2.05
Sudan,2020-04-26,1.37,0.77,1.98
Sudan,2020-04-27,1.4000000000000001,0.8300000000000001,1.98
Sudan,2020-04-28,1.54,1.01,2.09
Sudan,2020-04-29,1.59,1.09,2.09
Sudan,2020-04-30,1.54,1.07,2.0
Sudan,2020-05-01,1.48,1.04,1.92
Sudan,2020-05-02,1.3900000000000001,0.98,1.82
Sudan,2020-05-03,1.34,0.93,1.73
Sudan,2020-05-04,1.29,0.91,1.69
Sudan,2020-05-05,1.29,0.92,1.67
Sudan,2020-05-06,1.29,0.93,1.6500000000000001
Sudan,2020-05-07,1.3800000000000001,1.04,1.73
Sudan,2020-05-08,1.42,1.09,1.74
Sudan,2020-05-09,1.45,1.1500000000000001,1.77
Sudan,2020-05-10,1.46,1.16,1.74
Sudan,2020-05-11,1.44,1.17,1.72
Tanzania,2020-05-05,2.0,0.34,6.43
Tanzania,2020-05-06,2.65,0.68,5.5600000000000005
Tanzania,2020-05-07,2.64,0.87,4.67
Tanzania,2020-05-08,2.1,0.72,3.69
Tanzania,2020-05-09,1.86,0.68,3.25
Tanzania,2020-05-10,1.61,0.56,2.83
Tanzania,2020-05-11,1.37,0.46,2.5100000000000002
Togo,2020-03-17,2.0,0.34,6.43
Togo,2020-03-18,2.35,0.48,5.72
Togo,2020-03-19,2.05,0.5,4.54
Togo,2020-03-20,2.17,0.61,4.33
Togo,2020-03-21,1.94,0.55,3.75
Togo,2020-03-22,1.8,0.55,3.44
Togo,2020-03-23,1.7,0.54,3.21
Togo,2020-03-24,1.23,0.0,2.69
Togo,2020-03-25,1.0,0.0,2.49
Togo,2020-03-26,0.77,0.0,2.35
Togo,2020-03-27,0.5,0.0,2.23
Togo,2020-03-28,0.72,0.0,2.46
Togo,2020-03-29,0.7000000000000001,0.0,2.5100000000000002
Togo,2020-03-30,0.68,0.0,2.56
Togo,2020-03-31,1.32,0.0,3.0300000000000002
Togo,2020-04-01,1.3,0.0,2.94
Togo,2020-04-02,1.28,0.0,2.87
Togo,2020-04-03,1.5,0.01,2.99
Togo,2020-04-04,1.44,0.01,2.86
Togo,2020-04-05,1.59,0.11,2.99
Togo,2020-04-06,1.67,0.22,3.0300000000000002
Togo,2020-04-07,1.44,0.09,2.65
Togo,2020-04-08,1.27,0.05,2.43
Togo,2020-04-09,1.25,0.07,2.4
Togo,2020-04-10,0.88,0.0,2.0100000000000002
Togo,2020-04-11,0.61,0.0,1.84
Togo,2020-04-12,0.41000000000000003,0.0,1.79
Togo,2020-04-13,0.11,0.0,1.73
Togo,2020-04-14,0.0,0.0,1.79
Togo,2020-04-15,0.0,0.0,2.0
Togo,2020-04-16,0.0,0.0,2.29
Togo,2020-04-17,0.47000000000000003,0.0,2.94
Togo,2020-04-18,1.0,0.0,3.35
Togo,2020-04-19,1.0,0.0,3.35
Togo,2020-04-20,1.0,0.0,3.35
Togo,2020-04-21,1.0,0.0,3.35
Togo,2020-04-22,1.0,0.0,3.35
Togo,2020-04-23,1.53,0.0,3.66
Togo,2020-04-24,1.47,0.0,3.49
Togo,2020-04-25,1.42,0.0,3.34
Togo,2020-04-26,1.73,0.01,3.47
Togo,2020-04-27,1.62,0.0,3.23
Togo,2020-04-28,1.78,0.08,3.31
Togo,2020-04-29,1.85,0.23,3.34
Togo,2020-04-30,1.53,0.09,2.86
Togo,2020-05-01,1.47,0.11,2.75
Togo,2020-05-02,1.29,0.06,2.5
Togo,2020-05-03,0.86,0.0,2.07
Togo,2020-05-04,0.85,0.0,2.09
Togo,2020-05-05,0.85,0.0,2.11
Togo,2020-05-06,0.84,0.0,2.13
Togo,2020-05-07,1.16,0.0,2.38
Togo,2020-05-08,1.44,0.09,2.65
Togo,2020-05-09,1.75,0.44,3.02
Togo,2020-05-10,2.0100000000000002,0.8,3.14
Togo,2020-05-11,1.8,0.73,2.85
Tunisia,2020-03-08,2.0,0.34,6.43
Tunisia,2020-03-09,1.8800000000000001,0.38,5.01
Tunisia,2020-03-10,2.17,0.51,4.99
Tunisia,2020-03-11,1.96,0.5,4.24
Tunisia,2020-03-12,2.08,0.58,4.09
Tunisia,2020-03-13,1.8900000000000001,0.54,3.62
Tunisia,2020-03-14,1.77,0.55,3.36
Tunisia,2020-03-15,1.5,0.01,2.99
Tunisia,2020-03-16,1.44,0.01,2.86
Tunisia,2020-03-17,1.59,0.11,2.99
Tunisia,2020-03-18,1.67,0.22,3.0300000000000002
Tunisia,2020-03-19,1.7,0.29,2.96
Tunisia,2020-03-20,1.81,0.54,3.0500000000000003
Tunisia,2020-03-21,1.85,0.66,2.94
Tunisia,2020-03-22,2.04,1.02,3.04
Tunisia,2020-03-23,2.08,1.19,2.95
Tunisia,2020-03-24,1.97,1.19,2.75
Tunisia,2020-03-25,1.9100000000000001,1.2,2.59
Tunisia,2020-03-26,1.77,1.1400000000000001,2.41
Tunisia,2020-03-27,1.6,0.99,2.16
Tunisia,2020-03-28,1.5,0.9400000000000001,2.04
Tunisia,2020-03-29,1.34,0.8200000000000001,1.8800000000000001
Tunisia,2020-03-30,1.26,0.74,1.76
Tunisia,2020-03-31,1.18,0.68,1.68
Tunisia,2020-04-01,1.1300000000000001,0.65,1.6400000000000001
Tunisia,2020-04-02,1.08,0.6,1.58
Tunisia,2020-04-03,1.08,0.6,1.57
Tunisia,2020-04-04,0.98,0.51,1.48
Tunisia,2020-04-05,0.9400000000000001,0.46,1.44
Tunisia,2020-04-06,0.8300000000000001,0.32,1.31
Tunisia,2020-04-07,0.74,0.24,1.26
Tunisia,2020-04-08,0.61,0.11,1.1300000000000001
Tunisia,2020-04-09,0.56,0.06,1.09
Tunisia,2020-04-10,0.51,0.02,1.04
Tunisia,2020-04-11,0.6,0.03,1.1500000000000001
Tunisia,2020-04-12,0.73,0.1,1.33
Tunisia,2020-04-13,0.91,0.26,1.57
Tunisia,2020-04-14,1.1400000000000001,0.49,1.8
Tunisia,2020-04-15,1.29,0.67,1.94
Tunisia,2020-04-16,1.27,0.66,1.8800000000000001
Tunisia,2020-04-17,1.17,0.5700000000000001,1.77
Tunisia,2020-04-18,1.0,0.39,1.58
Tunisia,2020-04-19,0.8300000000000001,0.24,1.44
Tunisia,2020-04-20,0.7000000000000001,0.12,1.31
Tunisia,2020-04-21,0.5,0.0,1.07
Tunisia,2020-04-22,0.43,0.0,1.06
Tunisia,2020-04-23,0.34,0.0,1.04
Tunisia,2020-04-24,0.44,0.0,1.17
Tunisia,2020-04-25,0.66,0.0,1.3900000000000001
Tunisia,2020-04-26,0.85,0.06,1.6300000000000001
Tunisia,2020-04-27,1.0,0.15,1.82
Tunisia,2020-04-28,1.1,0.23,1.93
Tunisia,2020-04-29,0.9500000000000001,0.14,1.78
Tunisia,2020-04-30,0.9,0.07,1.68
Tunisia,2020-05-01,0.78,0.02,1.56
Tunisia,2020-05-02,0.71,0.01,1.52
Tunisia,2020-05-03,0.6900000000000001,0.0,1.52
Tunisia,2020-05-04,0.59,0.0,1.48
Tunisia,2020-05-05,0.47000000000000003,0.0,1.44
Tunisia,2020-05-06,0.38,0.0,1.46
Tunisia,2020-05-07,0.38,0.0,1.54
Tunisia,2020-05-08,0.27,0.0,1.57
Tunisia,2020-05-09,0.27,0.0,1.69
Tunisia,2020-05-10,0.11,0.0,1.73
Tunisia,2020-05-11,0.11,0.0,1.9000000000000001
Western Sahara,2020-03-08,2.0,0.34,6.43
Western Sahara,2020-03-09,1.8800000000000001,0.38,5.01
Western Sahara,2020-03-10,2.17,0.51,4.99
Western Sahara,2020-03-11,1.96,0.5,4.24
Western Sahara,2020-03-12,2.08,0.58,4.09
Western Sahara,2020-03-13,1.8900000000000001,0.54,3.62
Western Sahara,2020-03-14,1.77,0.55,3.36
Western Sahara,2020-03-15,1.5,0.01,2.99
Western Sahara,2020-03-16,1.44,0.01,2.86
Western Sahara,2020-03-17,1.59,0.11,2.99
Western Sahara,2020-03-18,1.67,0.22,3.0300000000000002
Western Sahara,2020-03-19,1.7,0.29,2.96
Western Sahara,2020-03-20,1.81,0.54,3.0500000000000003
Western Sahara,2020-03-21,1.85,0.66,2.94
Western Sahara,2020-03-22,2.04,1.02,3.04
Western Sahara,2020-03-23,2.08,1.19,2.95
Western Sahara,2020-03-24,1.97,1.19,2.75
Western Sahara,2020-03-25,1.9100000000000001,1.2,2.59
Western Sahara,2020-03-26,1.77,1.1400000000000001,2.41
Western Sahara,2020-03-27,1.6,0.99,2.16
Western Sahara,2020-03-28,1.5,0.9400000000000001,2.04
Western Sahara,2020-03-29,1.34,0.8200000000000001,1.8800000000000001
Western Sahara,2020-03-30,1.26,0.74,1.76
Western Sahara,2020-03-31,1.18,0.68,1.68
Western Sahara,2020-04-01,1.1300000000000001,0.65,1.6400000000000001
Western Sahara,2020-04-02,1.08,0.6,1.58
Western Sahara,2020-04-03,1.08,0.6,1.57
Western Sahara,2020-04-04,0.98,0.51,1.48
Western Sahara,2020-04-05,0.9400000000000001,0.46,1.44
Western Sahara,2020-04-06,0.8300000000000001,0.32,1.31
Western Sahara,2020-04-07,0.74,0.24,1.26
Western Sahara,2020-04-08,0.61,0.11,1.1300000000000001
Western Sahara,2020-04-09,0.56,0.06,1.09
Western Sahara,2020-04-10,0.51,0.02,1.04
Western Sahara,2020-04-11,0.6,0.03,1.1500000000000001
Western Sahara,2020-04-12,0.73,0.1,1.33
Western Sahara,2020-04-13,0.91,0.26,1.57
Western Sahara,2020-04-14,1.1400000000000001,0.49,1.8
Western Sahara,2020-04-15,1.29,0.67,1.94
Western Sahara,2020-04-16,1.27,0.66,1.8800000000000001
Western Sahara,2020-04-17,1.17,0.5700000000000001,1.77
Western Sahara,2020-04-18,1.0,0.39,1.58
Western Sahara,2020-04-19,0.8300000000000001,0.24,1.44
Western Sahara,2020-04-20,0.7000000000000001,0.12,1.31
Western Sahara,2020-04-21,0.5,0.0,1.07
Western Sahara,2020-04-22,0.43,0.0,1.06
Western Sahara,2020-04-23,0.34,0.0,1.04
Western Sahara,2020-04-24,0.44,0.0,1.17
Western Sahara,2020-04-25,0.66,0.0,1.3900000000000001
Western Sahara,2020-04-26,0.85,0.06,1.6300000000000001
Western Sahara,2020-04-27,1.0,0.15,1.82
Western Sahara,2020-04-28,1.1,0.23,1.93
Western Sahara,2020-04-29,0.9500000000000001,0.14,1.78
Western Sahara,2020-04-30,0.9,0.07,1.68
Western Sahara,2020-05-01,0.78,0.02,1.56
Western Sahara,2020-05-02,0.71,0.01,1.52
Western Sahara,2020-05-03,0.6900000000000001,0.0,1.52
Western Sahara,2020-05-04,0.59,0.0,1.48
Western Sahara,2020-05-05,0.47000000000000003,0.0,1.44
Western Sahara,2020-05-06,0.38,0.0,1.46
Western Sahara,2020-05-07,0.38,0.0,1.54
Western Sahara,2020-05-08,0.27,0.0,1.57
Western Sahara,2020-05-09,0.27,0.0,1.69
Western Sahara,2020-05-10,0.11,0.0,1.73
Western Sahara,2020-05-11,0.11,0.0,1.9000000000000001
Zambia,2020-04-10,2.0,0.34,6.43
Zambia,2020-04-11,1.8800000000000001,0.38,5.01
Zambia,2020-04-12,1.8,0.38,4.45
Zambia,2020-04-13,1.74,0.4,4.13
Zambia,2020-04-14,1.96,0.5,4.24
Zambia,2020-04-15,1.83,0.46,3.79
Zambia,2020-04-16,1.73,0.46,3.52
Zambia,2020-04-17,1.73,0.01,3.47
Zambia,2020-04-18,1.8900000000000001,0.09,3.52
Zambia,2020-04-19,1.73,0.11,3.2600000000000002
Zambia,2020-04-20,1.62,0.11,3.0500000000000003
Zambia,2020-04-21,1.36,0.03,2.68
Zambia,2020-04-22,1.33,0.03,2.6
Zambia,2020-04-23,1.31,0.04,2.54
Zambia,2020-04-24,1.1500000000000001,0.01,2.34
Zambia,2020-04-25,0.85,0.0,2.09
Zambia,2020-04-26,0.85,0.0,2.11
Zambia,2020-04-27,1.0,0.0,2.24
Zambia,2020-04-28,1.0,0.0,2.24
Zambia,2020-04-29,1.1500000000000001,0.0,2.35
Zambia,2020-04-30,1.1500000000000001,0.01,2.34
Zambia,2020-05-01,1.41,0.14,2.64
Zambia,2020-05-02,1.49,0.22,2.68
Zambia,2020-05-03,1.43,0.24,2.59
Zambia,2020-05-04,1.3,0.18,2.4
Zambia,2020-05-05,1.28,0.19,2.35
Zambia,2020-05-06,1.6500000000000001,0.55,2.69
Zambia,2020-05-07,1.94,0.93,2.85
Zambia,2020-05-08,1.9000000000000001,1.04,2.7600000000000002
Zambia,2020-05-09,1.85,1.09,2.64
Zambia,2020-05-10,1.7,1.01,2.43
Zambia,2020-05-11,1.54,0.87,2.19
Zimbabwe,2020-05-10,2.0,0.34,6.43
Zimbabwe,2020-05-11,1.8800000000000001,0.38,5.01
